© 2000-2025 QIAGEN. All rights reserved.

Upstream Regulators	Doxo3 vs Cycling0	Doxo14 vs Cycling0	Doxo21 vs Cycling0	Doxo14 vs Doxo3	Doxo21 vs Doxo3	Palbo3 vs Cycling0	Palbo14 vs Cycling0	Palbo28 vs Cycling0	Palbo14 vs Palbo3	Palbo28 vs Palbo3
lipopolysaccharide	5.285	5.497	5.381	4.236	5.231	3.983	5.558	5.215	4.515	4.345
IL1B	5.044	5.225	5.225	4.454	4.53	2.575	5.057	5.225	4.723	5.239
TNF	4.158	4.821	4.672	4.497	4.46	2.526	4.861	4.71	4.298	4.641
NFkB (complex)	4.345	4.748	4.845	3.369	3.876	2.784	4.642	4.748	4.231	4.546
tetradecanoylphorbol acetate	4.363	4.741	4.588	3.124	3.906	2.525	4.795	4.588	3.663	3.834
IL1A	3.98	4.429	4.429	3.79	3.766	1.605	4.221	4.429	4.122	4.319
LY294002	-3.288	-4.316	-4.202	-3.625	-3.721	-1.899	-4.085	-4.316	-3.962	-4.087
SB203580	-4.027	-4.355	-4.355	-3.222	-3.614	-2.2	-4.129	-4.355	-3.399	-3.772
CHUK	3.376	4.126	4.126	3.665	3.537	2.2	3.881	4.126	3.493	3.756
IL1	3.228	3.762	3.762	3.629	3.556	2.481	3.724	3.762	4.03	4.03
poly rI:rC-RNA	4.282	3.937	3.937	3.023	3.455	3.118	4.114	3.817	3.332	2.898
IKBKB	3.259	3.659	3.784	2.929	3.076	1.607	3.529	3.659	3.659	3.65
tretinoin	3.085	3.587	3.587	3.243	3.371	2.241	3.467	3.587	3.176	3.234
cisplatin	3.149	3.788	3.788	3.296	3.522	1.197	3.438	3.788	3.143	3.409
SMARCA4	3.0	3.873	4.0	3.162	3.162	0.816	3.606	4.0	3.162	3.464
IL17A	3.175	3.631	3.631	3.124	3.31	1.496	3.452	3.631	3.353	3.251
CTNNB1	3.332	3.588	3.588	2.843	2.679	2.25	3.452	3.588	3.311	3.311
RELA	2.773	3.509	3.646	3.063	3.101	1.316	3.384	3.646	3.739	3.751
Salmonella enterica serotype abortus equi lipopolysaccharide	3.113	3.552	3.552	2.952	3.112	2.18	3.265	3.552	3.265	3.111
CSF2	3.12	3.542	3.542	3.213	3.276	2.135	3.12	3.542	3.042	2.936
OSM	2.156	3.622	3.622	3.07	3.855	2.014	3.502	3.622	2.747	3.02
TGM2	2.985	3.592	3.592	2.828	3.317	1.633	3.148	3.592	2.813	3.148
APP	3.706	3.419	3.649	2.827	3.022	N/A	3.463	3.536	3.533	3.421
TLR4	3.066	3.352	3.352	2.789	3.049	2.6	3.143	3.352	2.838	3.009
IL6	3.164	3.316	3.316	2.655	2.791	3.11	3.622	3.316	2.451	2.748
NPM1	2.828	3.317	3.317	2.828	2.828	2.236	3.317	3.317	3.162	3.317
SP600125	-3.232	-3.382	-3.382	-2.91	-2.802	-1.09	-3.504	-3.644	-3.233	-3.233
HIF1A	3.646	3.391	3.532	1.528	2.773	2.754	3.515	3.391	2.61	2.944
ERK1/2	2.717	3.309	3.309	2.749	2.908	1.981	3.174	3.309	2.718	3.088
LDL	2.92	3.169	3.315	2.447	2.968	2.586	2.874	3.169	2.725	2.897
p38 MAPK	3.224	3.189	3.189	1.878	2.419	2.567	3.342	3.189	2.899	2.899
CITED2	-2.733	-3.22	-3.22	-2.918	-3.072	-1.72	-2.918	-3.22	-2.757	-2.918
TLR2	2.768	3.083	3.083	2.765	2.765	2.194	2.939	3.083	2.766	3.083
AGT	3.052	3.327	3.563	1.417	2.552	1.734	3.081	3.239	3.505	3.016
TLR3	2.617	2.971	2.971	2.787	2.495	2.195	3.243	2.971	3.088	3.085
STING1	2.738	3.078	3.078	2.581	2.925	2.153	3.078	3.078	2.75	2.75
CEBPB	2.417	3.103	3.103	2.778	3.075	1.43	3.073	3.103	3.075	2.929
Pam3-Cys-Ser-Lys4	2.653	2.976	2.976	2.763	2.604	2.583	2.976	2.976	2.783	2.783
5-O-mycolyl-beta-araf-(1->2)-5-O-mycolyl-alpha-araf-(1->1')-glycerol	3.162	3.051	3.051	2.333	2.53	2.449	3.317	3.051	2.333	2.714
TLR9	2.939	3.087	3.087	2.412	2.591	2.406	3.087	3.087	2.591	2.591
KLF6	2.763	3.523	3.075	2.916	2.428	1.747	3.111	3.075	2.537	2.62
IL4	2.232	3.398	3.04	3.093	2.45	0.199	3.193	3.016	4.025	3.104
IFNG	2.639	2.997	3.145	2.846	3.579	1.192	2.839	3.095	2.907	2.496
resiquimod	2.241	2.947	2.947	3.094	2.618	1.986	3.094	2.947	2.929	2.929
E. coli B5 lipopolysaccharide	3.071	3.225	2.874	2.733	2.74	1.413	3.066	2.874	2.733	2.904
cytokine	2.75	2.921	3.083	2.414	2.75	2.2	2.75	2.921	2.75	2.75
NfkB1-RelA	2.599	2.949	2.949	2.438	2.633	1.994	2.794	2.949	2.794	2.949
F2	2.587	3.226	3.226	2.545	2.901	N/A	3.069	3.226	3.068	3.068
EGF	2.201	3.242	2.896	2.6	3.108	0.543	3.186	3.242	2.559	2.594
NFKB1	2.18	2.844	3.0	2.079	2.49	1.982	2.844	3.0	2.844	2.844
lysophosphatidylcholine	2.393	2.934	2.934	2.395	2.586	1.953	2.765	2.934	2.586	2.586
pyrrolidine dithiocarbamate	-2.583	-2.918	-2.918	-2.171	-2.581	-1.948	-2.749	-2.918	-2.582	-2.582
Ap1	2.562	2.737	2.737	2.395	2.737	2.16	2.737	2.737	2.57	2.57
IL1R	2.198	2.761	2.761	2.761	2.761	1.549	2.592	2.761	2.761	2.761
lysophosphatidylinositol	2.236	2.828	2.828	2.449	2.449	2.0	2.828	2.828	2.646	2.449
curcumin	-2.428	-2.8	-2.8	-2.375	-2.598	-1.955	-2.618	-2.8	-2.419	-2.742
etoposide	2.562	3.053	3.053	2.562	2.897	N/A	2.897	3.053	2.562	2.734
CD40LG	2.752	3.07	3.07	2.358	2.728	N/A	3.07	3.07	2.406	2.58
C5	2.349	2.711	2.711	2.171	2.551	2.311	2.711	2.711	2.371	2.371
IL18	2.759	2.664	2.664	2.089	2.513	1.95	2.753	2.664	2.596	2.312
TLR7	2.407	2.934	2.934	2.178	2.383	1.948	2.773	2.934	2.216	2.216
IgE	2.747	2.915	2.915	2.38	2.747	N/A	2.747	2.915	2.747	2.747
CD36	2.026	2.599	2.599	2.929	2.929	1.457	2.431	2.599	2.599	2.599
PRKCD	2.38	2.743	2.743	2.367	2.569	1.461	2.569	2.743	2.569	2.569
VEGFA	2.37	2.759	2.916	1.727	2.424	1.951	2.572	2.916	2.385	2.584
ERK	1.841	2.616	2.616	2.912	3.079	1.44	2.45	2.616	2.063	2.923
STAT3	2.447	2.805	2.805	1.951	2.398	1.05	2.343	2.805	2.86	3.023
C5AR1	2.412	2.6	2.6	2.415	2.415	1.969	2.6	2.6	2.407	2.407
IL37	-2.384	-2.568	-2.568	-2.166	-2.365	-1.955	-2.568	-2.568	-2.568	-2.568
TNF (family)	2.041	2.7	2.844	2.436	2.35	0.038	2.7	2.844	2.96	3.232
HMGB1	2.573	2.907	2.907	2.375	2.907	N/A	2.57	2.907	2.4	2.57
MAP3K8	2.592	2.778	2.778	2.602	2.602	N/A	2.778	2.778	2.602	2.602
uric acid	2.595	2.78	2.78	2.403	2.598	N/A	2.78	2.78	2.595	2.78
MYD88	2.434	2.812	2.812	2.606	2.606	N/A	2.812	2.812	2.508	2.508
CAMP	2.121	2.545	2.545	2.494	2.864	1.245	2.341	2.545	2.511	2.511
NS-398	-2.186	-2.598	-2.598	-2.598	-2.598	-1.0	-2.4	-2.598	-2.449	-2.598
RIGI	2.433	2.63	2.63	2.219	1.982	2.219	2.63	2.63	2.219	1.982
BTG2	-2.423	-2.628	-2.801	-2.431	-2.431	N/A	-2.628	-2.628	-2.801	-2.801
IL12 (complex)	2.448	2.645	2.645	2.029	2.45	1.986	2.47	2.645	1.955	2.262
JUN	2.057	2.48	2.639	2.595	2.777	1.384	2.314	2.48	2.362	2.362
TLR5	2.236	2.4	2.4	2.4	2.4	2.0	2.4	2.4	2.4	2.4
salmonella minnesota R595 lipopolysaccharides	1.953	2.748	2.748	2.381	2.57	N/A	2.588	2.748	2.748	2.748
IL17R	2.0	2.401	2.401	2.401	2.401	2.0	2.401	2.401	2.401	2.401
N-acetyl-L-cysteine	-2.907	-2.753	-2.753	-1.884	-2.256	N/A	-2.903	-2.753	-2.403	-2.594
IL33	1.928	2.664	2.664	2.732	3.063	N/A	2.506	2.506	2.506	2.506
Bay 11-7082	-1.953	-2.593	-2.593	-2.183	-2.593	-1.109	-2.593	-2.593	-2.399	-2.399
BHLHE40	2.931	2.698	2.698	2.574	2.377	2.128	2.519	2.698	2.377	N/A
adavosertib	2.201	2.613	2.613	2.215	1.977	1.981	2.613	2.613	2.201	1.961
U0126	-2.214	-2.291	-2.291	-2.67	-2.67	-1.335	-2.621	-2.291	-2.143	-2.395
STAT1	2.598	2.424	2.424	1.643	1.299	2.186	2.923	2.424	2.752	2.245
cigarette smoke	2.33	2.716	2.716	2.544	2.544	N/A	2.544	2.716	2.362	2.362
LEP	2.837	2.331	2.48	1.307	2.266	1.626	2.578	2.331	2.427	2.623
PD98059	-2.397	-2.681	-2.681	-2.27	-2.635	N/A	-2.637	-2.681	-2.389	-2.389
EZH2	1.929	2.514	2.514	2.828	2.333	N/A	2.331	2.514	2.891	2.891
RRAS2	2.449	2.646	2.828	2.236	2.0	N/A	2.449	2.828	2.646	2.646
TREX1	-2.236	-2.828	-2.828	-2.0	-2.646	N/A	-2.646	-2.828	-2.449	-2.236
tripterine	-1.969	-2.791	-2.791	-2.207	-2.613	N/A	-2.613	-2.791	-2.423	-2.423
MFGE8	2.213	2.621	2.621	2.219	2.425	N/A	2.621	2.621	2.621	2.621
E. coli lipopolysaccharide	2.377	2.755	2.755	2.181	2.593	N/A	2.567	2.755	2.179	2.393
RET	1.964	2.392	2.392	2.392	2.392	1.4	2.392	2.392	2.392	2.392
aspirin	-2.985	-2.164	-2.354	-1.51	-1.961	-2.449	-2.55	-2.164	-2.36	-1.961
SRC	2.2	2.412	2.412	1.964	2.2	1.969	2.412	2.412	2.2	2.2
IL1RN	-2.176	-2.587	-2.587	-2.408	-2.587	N/A	-2.587	-2.587	-2.408	-2.408
glucocorticoid	-1.962	-2.384	-2.384	-1.747	-2.384	-0.84	-2.384	-2.384	-2.913	-2.913
bleomycin	2.17	2.565	2.565	2.546	2.558	N/A	2.366	2.565	2.366	2.366
CSF	2.0	2.611	2.611	2.414	2.2	N/A	2.611	2.611	2.414	2.414
RAF1	2.195	2.401	2.401	2.195	2.195	1.513	2.195	2.401	2.195	2.195
IL10	-2.285	-2.262	-2.464	-3.135	-2.793	-0.733	-2.156	-2.262	-1.783	-1.979
BRD4	N/A	2.795	2.795	2.414	2.795	1.091	2.611	2.611	2.449	2.236
CG	1.923	2.768	2.615	1.394	2.206	0.351	2.261	2.768	2.749	2.749
H2AB3	2.236	2.646	2.646	2.236	2.449	2.236	2.449	2.646	N/A	2.236
STK11	-1.919	-2.381	-2.719	-2.371	-2.557	N/A	-2.381	-2.554	-2.239	-2.554
miR-146a-5p (and other miRNAs w/seed GAGAACU)	-2.211	-2.409	-2.409	-1.961	-2.193	-1.973	-2.193	-2.409	-1.954	-1.954
PI3K (complex)	2.812	2.774	2.945	N/A	2.395	N/A	2.593	2.774	2.593	2.774
E. coli B4 lipopolysaccharide	2.181	2.398	2.398	1.837	2.302	1.121	2.192	2.398	2.467	2.302
Lymphotoxin	2.219	2.433	2.433	2.236	2.433	N/A	2.433	2.433	2.433	2.433
F2RL1	1.996	2.427	2.427	2.427	2.427	N/A	2.427	2.427	2.427	2.427
CHD1	2.236	2.449	2.449	2.236	2.236	N/A	2.449	2.449	2.449	2.449
taurocholic acid	2.236	2.449	2.449	2.236	2.449	N/A	2.449	2.449	2.236	2.449
NFkB (family)	1.946	2.367	2.367	1.911	2.157	1.128	2.367	2.367	2.187	2.532
JUNB	1.949	2.176	2.176	2.176	2.176	1.949	2.176	2.176	2.176	2.176
peptidoglycan	1.436	1.925	1.925	2.551	1.925	1.926	2.551	1.925	2.551	2.551
TICAM1	2.156	2.569	2.569	1.913	2.156	N/A	2.569	2.569	2.37	2.37
IL36A	1.961	2.406	2.406	2.406	2.406	N/A	2.406	2.406	2.406	2.406
cholesterol	2.399	2.594	2.594	1.529	2.208	1.524	2.243	2.594	1.529	1.979
PRKCE	2.0	2.449	2.449	2.236	2.449	N/A	2.449	2.449	2.449	2.236
hydrogen peroxide	2.571	2.743	2.918	N/A	2.729	N/A	2.579	2.918	2.227	2.441
interferon alpha	2.724	2.821	2.821	1.297	2.102	0.468	2.499	2.821	1.667	1.886
doxorubicin	1.839	2.787	2.787	2.951	1.901	1.755	2.436	2.787	1.854	N/A
EDN1	1.546	2.406	2.749	1.956	2.391	0.65	2.194	2.749	1.987	2.391
reactive oxygen species	2.219	2.421	2.421	1.976	2.209	N/A	2.421	2.421	2.421	2.421
PTGS2	2.569	2.111	2.111	1.617	1.866	2.07	2.618	2.111	2.194	1.662
FOS	1.949	2.19	2.19	2.499	2.513	N/A	1.948	2.19	2.69	2.69
triptolide	-2.236	-2.433	-2.63	-1.982	-2.219	N/A	-2.433	-2.433	-2.219	-2.219
1-palmitoyl-2-(5-oxovaleroyl)-sn-glycero-3-phosphorylcholine	2.2	2.395	2.395	1.969	2.19	N/A	2.395	2.395	2.395	2.395
C3	2.176	2.39	2.39	2.196	2.39	N/A	2.39	2.39	2.173	2.173
TRAF6	2.0	2.383	2.383	2.169	2.169	N/A	2.383	2.383	2.383	2.383
TNFSF11	1.52	1.959	1.959	2.596	2.375	1.053	2.273	1.959	2.088	2.758
salicylic acid	-2.213	-2.425	-2.425	-1.98	-2.425	N/A	-2.213	-2.425	-2.213	-2.213
camptothecin	1.99	2.778	2.393	1.99	1.782	N/A	2.6	2.393	2.203	2.393
TREM1	2.653	2.362	2.362	1.84	1.968	0.854	1.615	2.362	2.05	2.44
SAA	2.195	2.411	2.411	1.99	2.411	N/A	2.221	2.411	2.221	2.221
IL2	1.864	2.456	2.456	1.826	2.075	N/A	2.765	2.456	2.188	2.406
ionomycin	1.944	2.18	2.18	1.938	1.938	1.944	2.18	2.18	1.961	1.961
tyrphostin AG490	-2.425	-2.619	-2.619	-1.987	N/A	-0.849	-2.425	-2.619	-2.425	-2.425
minocycline	-2.197	-2.408	-2.408	-1.965	-2.408	N/A	-2.197	-2.408	-2.197	-2.197
SP1	2.779	2.779	2.779	N/A	1.96	N/A	2.779	2.779	2.219	2.219
epigallocatechin-gallate	-2.16	-2.077	-2.077	-1.799	-2.218	-2.094	-2.336	-2.077	-1.644	-1.799
tyrphostin AG 1478	-2.2	-2.37	-2.37	-1.922	-1.937	N/A	-2.37	-2.37	-2.37	-2.37
lipid A	1.953	2.393	2.393	1.941	1.941	N/A	2.393	2.393	2.393	2.393
CCL2	2.172	2.369	2.369	1.934	2.369	N/A	2.172	2.369	2.172	2.172
heme	-2.219	-2.219	-2.219	-2.219	-2.219	N/A	-2.219	-2.219	-2.219	-2.219
3'-O-(4-benzoyl)benzoyladenosine 5'-triphosphate	2.219	2.219	2.219	2.219	2.219	N/A	2.219	2.219	2.219	2.219
TIMP1	2.219	2.213	2.425	1.98	2.213	N/A	2.213	2.213	2.213	2.213
TNFSF12	2.203	2.294	2.294	1.842	2.088	N/A	2.294	2.294	2.294	2.294
prostaglandin E2	1.796	2.104	2.104	1.843	2.228	1.221	1.947	2.104	1.996	2.509
TLR	2.163	2.382	2.382	1.961	1.961	N/A	2.382	2.382	1.961	2.18
IL17F dimer	1.982	2.219	2.219	2.219	2.219	N/A	2.219	2.219	2.219	2.219
IL17A dimer	1.981	2.211	2.211	2.211	2.211	N/A	2.211	2.211	2.211	2.211
TRIM38	-2.378	-2.734	-2.734	N/A	-2.16	N/A	-2.558	-2.734	-2.174	-2.174
IKBKG	1.782	2.419	2.419	1.756	1.756	0.808	2.234	2.419	2.038	2.008
ruxolitinib	-1.98	-2.425	-2.425	-1.982	-2.219	N/A	-2.213	-2.425	-1.98	-1.982
HIVEP1	-2.2	-2.412	-2.412	-1.982	-1.982	N/A	-2.2	-2.412	-1.969	-1.969
zymosan	1.957	2.194	2.194	2.194	2.194	N/A	2.194	2.194	2.194	2.194
MAPK14	1.51	2.201	2.201	2.4	2.592	0.97	2.008	2.201	1.584	1.803
glycocholic acid	2.0	2.236	2.236	2.0	2.236	N/A	2.236	2.236	2.0	2.236
taurochenodeoxycholate	2.0	2.236	2.236	2.0	2.236	N/A	2.236	2.236	2.0	2.236
VE-821	2.0	2.236	2.236	2.0	2.0	N/A	2.236	2.236	2.236	2.236
glycochenodeoxycholate	2.0	2.236	2.236	2.0	2.236	N/A	2.236	2.236	2.0	2.236
glycodeoxycholic acid	2.0	2.236	2.236	2.0	2.236	N/A	2.236	2.236	2.0	2.236
DDX5	-2.433	-2.789	-1.977	-2.611	-1.769	N/A	-2.611	-1.977	-1.499	-1.73
curdlan	1.948	2.177	2.177	2.177	2.177	N/A	2.177	2.177	2.177	2.177
IL22	N/A	2.367	2.367	2.169	2.367	0.594	2.367	2.367	2.367	2.367
ZFP36	-2.621	-2.228	-2.228	-1.536	-1.998	N/A	-2.434	-2.228	-2.027	-2.027
TRAF3IP2	1.96	2.19	2.19	1.96	2.19	N/A	2.19	2.19	2.19	2.19
NFKBIZ	1.98	2.207	2.207	1.981	1.981	N/A	2.207	2.207	2.207	2.207
RNASEH2B	-2.219	-2.63	-2.63	N/A	-2.433	N/A	-2.433	-2.63	-2.219	-1.982
Sb202190	-1.954	-2.174	-2.174	-1.933	-2.174	N/A	-2.174	-2.174	-2.174	-2.174
beta-estradiol	1.688	2.052	2.244	1.944	1.625	0.315	2.696	2.303	2.9	1.329
NR3C1	-2.375	-1.858	-1.858	-1.477	-1.477	-2.155	-2.731	-1.858	-1.775	-1.477
TNFAIP3	-1.927	-2.165	-2.165	-1.923	-2.165	N/A	-2.165	-2.165	-2.165	-2.165
enterotoxin B	1.944	2.173	2.173	1.929	1.929	N/A	2.173	2.173	2.173	2.173
FLI1	2.19	2.19	2.19	N/A	1.969	2.19	2.19	2.19	1.516	2.19
N-[N-(3,5-difluorophenacetyl-L-Ala)]-S-phenylglycine t-butyl ester	-2.186	-2.4	-2.4	-1.951	-2.4	N/A	-1.951	-2.4	-1.103	-1.951
miR-17-5p (and other miRNAs w/seed AAAGUGC)	-2.407	-2.595	-2.595	N/A	N/A	-1.96	-2.395	-2.595	-2.19	-1.969
mir-8 (includes others)	N/A	-2.416	-2.416	-1.974	-2.213	N/A	-2.416	-2.416	-2.425	-2.416
concanavalin a	1.97	2.189	2.189	1.97	2.189	N/A	1.97	2.189	1.97	1.97
phytohemagglutinin	1.387	2.588	2.77	2.588	2.393	N/A	2.588	2.77	N/A	1.455
IL36G	2.0	1.949	1.564	1.724	1.724	2.0	1.949	1.564	1.724	2.17
cardiotoxin	2.0	2.236	2.236	2.236	2.236	1.0	2.0	2.236	N/A	2.0
BTK	2.236	2.433	2.433	1.982	2.219	2.0	2.433	2.433	N/A	N/A
CSF1	2.213	2.425	2.425	N/A	2.213	N/A	2.213	2.213	2.213	2.213
FcER1	1.956	2.186	2.186	1.945	2.186	N/A	2.186	1.945	2.186	1.316
SH3BP2	2.0	2.0	2.0	2.0	2.0	N/A	2.0	2.0	2.0	2.0
ZC3H12A	N/A	-2.195	-2.401	-2.195	-2.195	N/A	-2.195	-2.401	-2.195	-2.195
5-hydroxytryptamine	1.664	2.114	2.114	2.03	2.223	N/A	1.62	2.114	1.776	2.25
YBX1	N/A	2.236	2.236	2.236	2.236	N/A	2.236	2.236	2.236	2.236
MAVS	1.934	2.169	2.169	1.934	1.671	1.934	2.169	2.169	1.671	N/A
CD3 (complex)	N/A	2.312	2.312	1.916	2.098	N/A	2.143	2.312	2.264	2.436
MLN120B	N/A	-2.224	-2.224	-2.224	-2.224	N/A	-2.224	-2.224	-2.224	-2.224
CFI-402257	N/A	2.213	2.213	2.213	2.213	N/A	2.213	2.213	2.213	2.213
MIR31HG	N/A	2.213	2.213	2.213	2.213	N/A	2.213	2.213	2.213	2.213
harpagoside	N/A	-2.236	-2.236	-2.236	-2.236	N/A	-2.236	-2.236	-2.0	-2.236
tranilast	N/A	-2.236	-2.236	-2.0	-2.236	N/A	-2.236	-2.236	-2.236	-2.236
laminaran	N/A	2.236	2.236	2.236	2.236	N/A	2.0	2.236	2.236	2.236
hydroxyurea	N/A	2.236	2.236	2.0	2.0	N/A	2.236	2.236	2.236	2.236
ERBB2	2.021	2.426	2.426	2.567	N/A	N/A	2.254	2.426	1.465	1.637
erlotinib	2.18	2.198	1.731	1.48	1.556	1.0	1.795	1.731	2.003	1.528
VEGF	N/A	2.404	2.558	1.155	1.892	1.604	2.155	2.558	1.299	1.499
FGF19	N/A	2.195	2.195	1.969	1.969	N/A	2.195	2.195	2.2	2.2
TAC1	N/A	2.165	2.165	2.165	2.165	N/A	1.939	2.165	2.165	2.165
sirolimus	-1.38	-1.789	-1.789	-2.008	-2.106	-0.9	-1.613	-1.789	-1.811	-1.884
caffeic acid phenethyl ester	-1.981	-2.215	-2.215	N/A	-1.977	N/A	-2.215	-2.215	-2.215	-1.977
PPRC1	1.091	1.961	1.961	2.191	1.961	N/A	1.961	1.961	1.961	1.961
lysophosphatidic acid	1.318	1.89	1.89	2.161	2.161	N/A	1.89	1.89	1.89	1.89
ML290	2.0	2.236	2.236	2.0	N/A	N/A	2.236	2.236	2.0	2.0
JNK	1.737	1.998	1.998	1.452	1.295	1.407	1.998	1.998	1.519	1.519
FBXO32	N/A	-2.213	-2.213	-1.98	-1.98	N/A	-1.982	-2.213	-2.213	-1.98
IKZF1	-1.98	-2.213	-2.213	-1.98	-2.213	N/A	N/A	-2.213	-1.98	-1.98
deferoxamine	1.751	1.798	2.013	1.886	1.313	2.156	1.798	1.798	1.257	0.962
HGF	0.998	2.124	2.124	2.183	1.538	1.951	1.535	2.124	0.941	1.161
IRGM	-1.969	-2.2	-2.2	N/A	-1.969	N/A	-2.2	-2.2	-1.964	-1.964
lipoteichoic acid	1.969	2.19	2.19	1.953	2.19	N/A	1.953	2.19	N/A	1.953
NR1H	-0.87	-1.425	-1.425	-2.147	-1.788	-1.342	-1.854	-1.425	-2.147	-2.147
SLC15A4	1.982	2.219	2.219	N/A	1.982	N/A	1.982	2.219	1.982	1.982
IL13	2.211	2.062	1.892	0.807	0.792	1.027	2.61	2.062	1.768	1.328
okadaic acid	1.285	1.539	1.539	2.183	2.183	1.004	1.539	1.539	1.539	2.183
cyclosporin A	-1.768	-1.905	-1.905	-1.319	-1.781	N/A	-1.905	-1.905	-1.801	-2.141
Go 6976	-2.0	-2.159	-2.159	N/A	-1.925	N/A	-2.159	-2.159	-1.925	-1.925
RIPK3	N/A	2.164	2.164	1.936	2.164	N/A	1.936	2.164	1.936	1.936
alpha catenin	-2.425	-2.213	-2.425	N/A	N/A	N/A	-2.213	-2.213	-2.425	-2.425
WWTR1	-1.253	-2.008	-2.008	-2.415	-1.793	N/A	-1.793	-1.793	-1.42	-1.793
bucladesine	1.746	2.203	2.203	2.619	N/A	N/A	1.97	2.203	1.782	1.546
SREBF1	2.236	2.449	2.449	N/A	2.236	N/A	2.449	2.449	2.0	N/A
RIPK1	0.832	1.63	1.63	2.084	2.084	0.832	1.63	1.63	1.863	1.863
IL3	1.455	1.756	1.977	1.516	1.516	0.849	1.516	1.977	1.756	1.756
LDLR	-1.467	-1.948	-1.948	-1.951	-1.406	N/A	-1.948	-1.948	-1.718	-1.718
SRC (family)	2.385	2.385	2.385	N/A	N/A	N/A	2.385	2.385	2.176	1.949
GPS2	N/A	-2.449	-2.449	N/A	-2.236	N/A	-2.449	-2.449	-2.0	-2.0
PDHA1	N/A	2.0	2.0	2.0	2.0	N/A	2.0	2.0	2.0	2.0
FBF1	N/A	2.0	2.0	2.0	2.0	N/A	2.0	2.0	2.0	2.0
ARL13B	N/A	-2.0	-2.0	-2.0	-2.0	N/A	-2.0	-2.0	-2.0	-2.0
S100a7a	N/A	2.0	2.0	2.0	2.0	N/A	2.0	2.0	2.0	2.0
UBE2M	2.0	2.0	2.0	2.0	2.0	N/A	2.0	2.0	N/A	2.0
ARL3	N/A	-2.0	-2.0	-2.0	-2.0	N/A	-2.0	-2.0	-2.0	-2.0
NDRG1	N/A	1.998	1.998	1.998	1.998	N/A	1.998	1.998	1.998	1.998
MIF	1.581	1.866	1.866	1.36	1.866	1.247	1.588	1.866	1.36	1.36
CGAS	N/A	1.988	1.988	1.988	1.988	N/A	1.988	1.988	1.988	1.988
S100A7	N/A	1.982	1.982	1.982	1.982	N/A	1.982	1.982	1.982	1.982
NX-13	N/A	-1.982	-1.982	-1.982	-1.982	N/A	-1.982	-1.982	-1.982	-1.982
bisindolylmaleimide I	N/A	-1.982	-1.982	-1.982	-1.982	N/A	-1.982	-1.982	-1.982	-1.982
UM101	N/A	-1.982	-1.982	-1.982	-1.982	N/A	-1.982	-1.982	-1.982	-1.982
OGG1	N/A	1.98	1.98	1.98	1.98	N/A	1.98	1.98	1.98	1.98
YAP/TAZ	N/A	-1.98	-1.98	-1.98	-1.98	N/A	-1.98	-1.98	-1.98	-1.98
CXCR4	N/A	1.969	1.969	1.969	1.969	N/A	1.969	1.969	1.969	1.969
IL17C	N/A	1.969	1.969	1.969	1.969	N/A	1.969	1.969	1.969	1.969
fluticasone propionate	-1.365	-1.524	-1.524	-1.44	-1.931	-1.93	-1.931	-1.524	-1.276	-1.276
ST14	N/A	1.963	1.963	1.963	1.963	N/A	1.963	1.963	1.963	1.963
ESR2	1.584	2.045	2.045	N/A	1.817	N/A	1.824	2.045	1.824	2.479
IL1R1	N/A	1.951	1.951	1.951	1.951	N/A	1.951	1.951	1.951	1.951
HBB	-2.219	-1.664	-1.664	-1.664	-1.664	N/A	-1.664	-1.664	-1.664	-1.664
FIRRE	1.941	1.941	1.941	N/A	1.941	N/A	1.941	1.941	1.941	1.941
IL12B	1.562	1.818	1.818	1.525	1.818	N/A	1.818	1.818	1.518	1.818
TRADD	N/A	2.236	2.236	N/A	2.0	N/A	2.236	2.236	2.236	2.236
MAPK7	N/A	2.201	2.201	2.201	2.201	N/A	N/A	2.201	2.201	2.201
sulforafan	-1.781	-2.033	-2.033	N/A	-1.77	N/A	-1.832	-2.033	-1.96	-1.96
LCN2	1.959	1.959	1.959	N/A	N/A	1.959	1.959	1.959	1.959	1.687
GDF2	2.175	2.383	2.383	N/A	1.95	N/A	2.165	2.383	N/A	1.95
SOX11	2.216	2.425	2.425	N/A	N/A	N/A	2.425	2.425	1.98	1.477
PP1	-1.697	-1.953	-1.953	N/A	-1.953	N/A	-1.953	-1.953	-1.953	-1.953
adenosine triphosphate	1.629	2.085	2.085	1.219	1.838	N/A	1.589	2.085	1.268	1.564
pemetrexed	1.702	1.702	1.702	1.702	1.702	N/A	1.702	1.702	1.702	1.702
15-deoxy-delta-12,14 -PGJ 2	-1.822	-1.45	-1.45	-1.458	-1.76	-1.653	-1.45	-1.45	-1.445	-1.36
PKC	1.98	2.213	2.213	N/A	N/A	N/A	2.213	2.213	2.213	2.213
WRN	N/A	-1.904	-1.904	-1.904	-1.904	N/A	-1.904	-1.904	-1.904	-1.904
PS-1145	N/A	-2.207	-2.207	N/A	-1.981	N/A	-2.207	-2.207	-2.207	-2.207
aprepitant	N/A	-2.236	-2.236	N/A	-2.0	N/A	-2.236	-2.236	-2.0	-2.236
SPRY2	-2.236	-2.236	-2.236	N/A	N/A	N/A	-2.236	-2.236	-2.0	-2.0
IL27	1.476	2.127	2.127	0.84	1.901	0.983	2.127	2.127	0.345	1.121
NFAT (family)	N/A	2.2	2.2	N/A	1.969	N/A	2.2	2.2	2.2	2.2
RIPK2	1.709	1.942	1.942	N/A	2.19	N/A	1.942	1.942	1.709	1.709
FN1	N/A	1.885	1.885	1.885	1.885	N/A	1.885	1.885	1.885	1.885
CBX7	-1.982	-2.219	-2.219	N/A	N/A	N/A	-2.219	-2.219	-1.982	-2.219
losartan potassium	-1.789	-2.047	-2.047	N/A	-1.49	N/A	-2.047	-2.047	-1.789	-1.789
CpG ODN 2006	N/A	2.052	2.052	2.205	1.826	N/A	N/A	2.052	2.411	2.411
elaidic acid	1.89	2.121	2.121	N/A	1.342	2.236	2.121	2.121	N/A	1.0
IL12 (family)	1.934	1.934	1.934	1.671	1.671	N/A	1.934	1.934	N/A	1.934
AS1842856	N/A	-2.236	-2.236	N/A	-2.236	N/A	-2.0	-2.236	-2.0	-2.0
MAPK	N/A	2.236	2.236	2.236	2.236	N/A	2.0	2.236	1.732	N/A
EML4-ALK	N/A	1.732	1.732	2.216	2.216	-1.131	0.686	1.732	1.732	1.732
resatorvid	N/A	-2.218	-2.218	N/A	-2.218	N/A	-1.985	-2.218	-1.985	-1.985
CD2	N/A	2.219	2.219	1.982	1.982	N/A	2.219	2.219	N/A	1.982
estrogen	2.169	1.937	2.169	N/A	N/A	N/A	1.937	1.937	2.433	2.219
BAPTA-AM	N/A	-2.176	-2.176	N/A	-2.176	N/A	-2.176	-2.176	-1.949	-1.949
palmitic acid	1.87	1.737	1.737	1.577	1.413	N/A	2.113	1.737	1.66	0.883
apigenin	-1.98	-1.732	-1.732	-1.131	-1.477	N/A	-1.732	-1.732	-1.732	-1.477
mir-17 (includes others)	-1.964	-2.165	-2.165	N/A	N/A	N/A	-2.165	-2.165	-2.165	-1.925
ANGPT2	1.969	2.2	2.2	N/A	2.2	N/A	1.969	2.2	1.969	N/A
IMMT	N/A	-2.219	-2.219	N/A	-2.0	N/A	-1.982	-2.219	-1.982	-1.982
NFKBIA	1.762	1.806	1.806	0.784	1.025	0.655	1.806	1.806	1.571	1.571
PF4	N/A	1.851	1.851	1.851	1.851	N/A	1.583	1.851	1.851	1.851
JAK2	1.886	2.132	2.132	N/A	N/A	N/A	2.132	2.132	2.132	1.886
ATG7	-1.937	-2.178	-2.178	N/A	-1.987	N/A	-1.937	-2.178	-1.937	N/A
H89	-1.054	-1.375	-1.375	-2.2	-1.744	-1.477	-1.375	-1.375	-1.154	-1.095
CpG ODN 1668	0.975	1.34	1.34	1.972	1.34	N/A	1.972	1.34	1.972	1.972
CD3 (family)	N/A	2.0	2.0	2.0	2.0	2.0	2.0	2.0	N/A	N/A
OLFM4-RET	N/A	2.0	2.0	2.0	2.0	N/A	N/A	2.0	2.0	2.0
NfkB-RelA	N/A	1.998	1.998	N/A	1.998	N/A	1.998	1.998	1.998	1.998
ZBTB16	-1.912	-1.912	-1.912	N/A	-1.982	-1.342	-1.912	-1.912	-1.067	N/A
PRKCA	1.987	1.987	1.987	N/A	N/A	N/A	1.987	1.987	1.987	1.987
TCIM	N/A	1.982	1.982	N/A	1.982	N/A	1.982	1.982	1.982	1.982
SUPT20H	N/A	-1.982	-1.982	-1.982	-1.982	N/A	-1.982	-1.982	N/A	-1.982
GPR15LG	N/A	1.982	1.982	1.982	N/A	N/A	1.982	1.982	1.982	1.982
vitamin E	-1.982	-1.982	-1.982	N/A	N/A	N/A	-1.982	-1.982	-1.982	-1.982
MAP3K14	1.982	1.982	1.982	N/A	N/A	N/A	1.982	1.982	1.982	1.982
IL12A	1.981	1.981	1.981	N/A	1.981	N/A	1.981	1.981	N/A	1.981
1-palmitoyl-2-oleoylphosphatidylserine	1.98	1.98	1.98	N/A	N/A	N/A	1.98	1.98	1.98	1.98
Ro31-8220	N/A	-1.98	-1.98	N/A	-1.98	N/A	-1.98	-1.98	-1.98	-1.98
Ni2+	N/A	1.98	1.98	N/A	1.98	N/A	1.98	1.98	1.98	1.98
OGT	0.2	1.808	1.406	1.808	1.808	-0.6	1.567	1.808	1.406	1.406
NFKBIB	N/A	1.969	1.969	N/A	1.969	N/A	1.969	1.969	1.969	1.969
CD40	1.553	1.515	1.515	0.97	1.296	N/A	2.379	1.515	1.515	1.515
decitabine	1.897	2.13	2.287	1.883	N/A	1.474	N/A	2.13	N/A	1.955
tetrathiomolybdate	N/A	-1.964	-1.964	N/A	-1.964	N/A	-1.964	-1.964	-1.964	-1.964
PRKD1	1.96	1.96	1.96	N/A	N/A	N/A	1.96	1.96	1.96	1.96
IRAK1	N/A	1.96	1.96	N/A	1.96	N/A	1.96	1.96	1.96	1.96
ethanol	N/A	2.959	2.959	N/A	N/A	N/A	N/A	2.959	2.413	2.418
glucosamine	N/A	-1.954	-1.954	N/A	-1.954	N/A	-1.954	-1.954	-1.954	-1.954
vismodegib	-1.982	-1.387	-1.387	-1.387	-1.387	N/A	-1.387	-1.387	-1.387	-1.982
erismodegib	-1.982	-1.387	-1.387	-1.387	-1.387	N/A	-1.387	-1.387	-1.387	-1.982
N-acetylmuramyl-L-alanyl-D-isoglutamine	N/A	1.953	1.953	1.953	1.953	N/A	1.953	1.953	N/A	1.953
homocysteine	N/A	1.951	1.951	N/A	1.951	N/A	1.951	1.951	1.951	1.951
EHF	1.098	1.541	1.541	1.327	1.541	1.327	1.327	1.541	0.853	1.541
anakinra	N/A	-1.948	-1.948	N/A	-1.948	N/A	-1.948	-1.948	-1.948	-1.948
BSG	N/A	1.934	1.934	1.41	1.41	N/A	2.169	1.934	1.41	1.41
IL35	N/A	-1.941	-1.941	N/A	-1.941	N/A	-1.941	-1.941	-1.941	-1.941
tetrachlorodibenzodioxin	0.718	1.533	1.533	1.726	1.918	0.327	1.312	1.533	1.322	1.649
MTOR	0.842	1.369	1.369	1.982	N/A	N/A	1.756	1.369	2.412	2.412
NAMPT	N/A	2.191	2.191	N/A	1.954	N/A	2.191	1.954	1.954	1.06
trinitrobenzenesulfonic acid	1.913	1.913	1.913	N/A	N/A	N/A	1.913	1.913	1.913	1.913
SERPINB7	-0.816	-1.463	-1.463	-0.555	-1.067	-1.0	-1.912	-1.463	-1.982	-1.664
APOE	-1.98	-1.98	-1.98	N/A	N/A	N/A	-1.98	-1.98	-1.718	-1.718
simvastatin	-1.539	-1.415	-1.415	-1.624	-2.08	-0.781	-1.539	-1.415	-0.484	-0.999
PTGER2	1.941	1.481	1.481	1.481	1.481	N/A	1.481	1.481	1.213	1.213
MEOX2	N/A	-2.2	-2.2	N/A	N/A	N/A	-2.2	-2.2	-2.2	-2.2
ATF4	N/A	2.164	2.377	N/A	N/A	N/A	2.164	2.164	2.164	2.164
PLAU	1.593	1.99	1.593	N/A	1.99	1.99	1.99	1.99	N/A	N/A
NOD2	1.504	1.8	1.8	N/A	N/A	N/A	1.8	1.8	2.199	2.199
CCR2	1.452	1.452	1.452	1.452	1.452	N/A	1.452	1.452	1.452	1.452
nifedipine	-1.069	-1.353	-1.353	-1.964	-1.069	0.218	-1.069	-1.353	-2.219	-1.353
troglitazone	-0.628	-1.09	-1.09	-2.205	-2.375	-1.067	-1.09	-1.09	-1.186	-1.186
RPSA	-1.0	-1.0	-1.0	-2.0	-1.0	N/A	-2.0	-1.0	-2.0	-2.0
CCN1	0.927	1.18	1.18	1.945	1.543	N/A	1.543	1.18	1.543	1.945
cyclic AMP	1.342	1.89	1.89	1.342	1.342	0.447	1.0	1.89	1.0	0.816
CYLD-AS1	2.0	2.236	2.236	N/A	N/A	N/A	2.236	2.236	2.0	N/A
PSMB11	-2.0	-2.236	-2.236	N/A	-2.0	N/A	-2.236	-2.236	N/A	N/A
acetaminophen	1.758	1.758	1.758	N/A	2.179	N/A	1.758	1.758	N/A	1.959
RARB	0.651	1.51	1.51	1.698	1.698	1.131	1.254	1.51	0.97	0.97
WNT3A	1.269	1.706	1.706	N/A	1.71	N/A	1.706	1.706	1.495	1.495
FAS	0.169	1.465	1.465	2.021	2.021	N/A	1.224	1.465	1.465	1.465
IFNA2	1.709	1.975	1.975	N/A	1.72	N/A	1.975	1.975	N/A	1.4
TGFBR1	-1.964	-2.2	-2.2	N/A	N/A	-1.964	-2.2	-2.2	N/A	N/A
RORC	1.961	1.961	1.461	1.961	1.961	N/A	1.961	1.461	N/A	N/A
RAC1	1.236	1.506	1.506	N/A	1.977	N/A	1.506	1.506	1.506	1.977
FGF2	2.009	1.441	1.602	N/A	N/A	2.396	1.85	1.441	1.195	0.778
FOSL1	1.176	1.328	1.328	1.328	1.328	1.176	1.039	1.328	1.328	1.328
FBXW7	-1.982	-2.219	-2.219	N/A	-2.0	N/A	-1.982	-2.219	N/A	N/A
INPP5D	N/A	-2.219	N/A	-1.982	-1.982	N/A	-1.982	-2.219	N/A	-2.219
CXCL12	1.342	1.633	1.633	1.0	1.0	N/A	1.342	1.633	1.342	1.633
ID1	1.342	1.633	1.633	N/A	1.342	2.0	1.633	1.633	N/A	1.342
spironolactone	-1.067	-1.982	-2.219	N/A	-2.0	-1.067	N/A	-2.219	N/A	-2.0
HMOX1	N/A	-1.688	-1.688	-0.958	-1.688	N/A	-2.102	-1.688	-1.367	-1.367
ELF3-AS1	-2.0	-2.236	-2.236	N/A	-2.0	N/A	-2.0	-2.0	N/A	N/A
MAPK8	1.067	1.331	1.331	1.981	1.981	N/A	1.0	1.331	1.0	1.331
GFI1	-1.516	-1.516	-1.516	-1.982	-0.849	-0.958	-1.516	-1.516	N/A	-0.849
CSF3	-0.426	-1.372	-1.372	N/A	-1.0	N/A	-2.2	-1.372	-2.236	-2.236
PDGF-BB	1.26	1.408	1.408	0.949	1.443	0.6	1.549	1.408	1.192	0.962
DUSP1	-1.368	-1.108	-1.108	-1.33	-1.557	0.563	-1.194	-1.108	-1.421	-1.421
staurosporine	N/A	-1.521	-1.521	-1.521	-1.521	N/A	-1.521	-1.521	-1.521	-1.521
AKT	0.903	1.447	1.447	N/A	N/A	-1.109	1.447	1.447	1.862	2.496
LGALS1	1.725	1.725	1.725	N/A	N/A	N/A	1.725	1.725	1.725	1.725
WBP2	N/A	-1.342	-1.342	-1.342	-1.342	N/A	-1.342	-1.342	-2.0	-2.0
YAP1	1.828	1.57	1.57	N/A	N/A	N/A	1.963	1.963	1.699	1.441
IL11	-0.972	-1.827	-1.249	N/A	-1.827	N/A	-1.827	-1.827	-1.249	-1.249
Alox15	1.715	1.715	1.715	N/A	N/A	N/A	1.715	1.715	1.715	1.715
IKZF2	-2.0	-2.0	-2.0	N/A	N/A	N/A	-2.0	-2.0	N/A	-2.0
MAP4K1	N/A	-2.0	-2.0	N/A	N/A	N/A	-2.0	-2.0	-2.0	-2.0
infliximab	N/A	-2.0	-2.0	N/A	N/A	N/A	-2.0	-2.0	-2.0	-2.0
Ca2+	N/A	1.78	2.0	N/A	2.416	N/A	N/A	2.0	1.78	2.0
IFI16	1.067	1.387	1.387	N/A	1.982	N/A	1.387	1.387	1.387	1.982
EIF2AK2	N/A	1.99	1.99	N/A	N/A	N/A	1.99	1.99	1.99	1.99
TLR1	N/A	1.984	1.984	N/A	N/A	N/A	1.984	1.984	1.984	1.984
TGFB2-AS1	-1.982	-1.982	-1.982	N/A	N/A	N/A	-1.982	-1.982	-1.982	N/A
NC410	N/A	-1.982	-1.982	N/A	N/A	N/A	-1.982	-1.982	-1.982	-1.982
AHR	0.923	1.899	2.083	1.391	N/A	N/A	1.177	2.083	1.051	1.283
triamcinolone acetonide	1.98	1.98	1.98	N/A	N/A	N/A	1.98	1.98	1.98	N/A
SORL1	1.633	1.633	1.633	N/A	2.0	N/A	1.342	1.633	1.0	1.0
palbociclib	N/A	1.483	1.483	1.483	1.483	N/A	1.483	1.483	1.483	1.483
CD14	N/A	1.967	1.967	N/A	N/A	N/A	1.967	1.967	1.967	1.967
histamine	N/A	1.965	1.965	N/A	N/A	N/A	1.965	1.965	1.965	1.965
MAPK9	N/A	1.964	1.964	N/A	N/A	N/A	1.964	1.964	1.964	1.964
thapsigargin	0.913	1.29	1.29	1.935	1.304	N/A	1.29	1.29	1.056	1.4
PIK3R1	N/A	1.961	1.961	N/A	N/A	N/A	1.961	1.961	1.961	1.961
alpha-tocopherol	N/A	-1.953	-1.953	N/A	N/A	N/A	-1.953	-1.953	-1.953	-1.953
PARP1	1.958	1.506	1.506	N/A	1.506	N/A	1.242	1.506	1.242	1.242
diphenyleneiodonium	N/A	-1.947	-1.947	N/A	N/A	N/A	-1.947	-1.947	-1.947	-1.947
Collagen type II	N/A	1.941	1.941	N/A	N/A	N/A	1.941	1.941	1.941	1.941
taurodeoxycholic acid	0.937	1.237	1.583	0.937	1.583	N/A	1.237	1.583	0.937	1.583
TBX3	0.447	1.633	1.89	2.449	1.633	N/A	1.633	1.89	N/A	N/A
CD44	1.595	1.595	1.595	N/A	0.756	N/A	1.595	1.595	1.362	1.362
ZEB1	N/A	1.902	1.902	N/A	N/A	N/A	1.902	1.902	1.902	1.902
MYB	-1.387	-1.387	-1.387	-1.067	-1.067	N/A	-1.387	-1.387	-1.067	-1.067
HRAS	0.447	1.23	1.23	1.103	1.103	-0.447	0.946	1.23	1.673	1.673
TCR (complex)	2.168	2.387	N/A	N/A	N/A	N/A	N/A	2.387	1.956	2.176
HLCS	1.0	1.342	1.342	1.342	1.342	1.0	N/A	1.342	1.0	1.342
TP73	N/A	2.035	2.035	N/A	1.34	1.968	1.587	2.035	N/A	N/A
cycloheximide	0.0	1.522	1.217	1.941	1.753	-0.356	0.822	1.522	0.932	0.933
di(2-ethylhexyl) phthalate	0.816	1.129	1.129	1.698	0.57	0.447	1.51	1.129	1.698	0.863
IRF1	N/A	2.181	2.181	N/A	2.181	N/A	2.181	2.181	N/A	N/A
ISL1	1.342	1.342	1.342	0.447	1.342	N/A	1.342	1.342	1.0	1.342
EGR1	1.969	2.187	2.187	N/A	2.187	N/A	N/A	2.187	N/A	N/A
IL17RA	0.943	1.3	1.3	0.943	0.943	N/A	1.3	1.3	1.3	1.3
isoproterenol	2.162	2.162	2.162	N/A	1.929	N/A	N/A	2.162	N/A	N/A
carbonyl cyanide m-chlorophenyl hydrazone	0.391	1.231	1.231	1.501	1.231	N/A	1.231	1.231	1.231	1.231
bee venom	N/A	1.477	1.477	N/A	1.987	N/A	1.131	1.477	1.477	1.477
TGFBR2	-1.134	-1.134	-1.414	-0.447	-0.816	N/A	-1.134	-1.134	-1.633	-1.633
NKX2-3	1.173	1.906	1.446	N/A	N/A	N/A	1.655	1.446	1.655	1.173
IL21	1.109	1.381	1.381	0.805	0.805	1.732	1.381	1.381	N/A	0.456
IL15	1.106	1.42	1.42	0.507	1.116	N/A	1.42	1.42	0.779	1.116
T-5224	-1.342	-1.633	-1.342	N/A	-1.0	N/A	-1.0	-1.633	-1.0	-1.342
S100A9	0.968	0.966	0.966	0.78	0.966	0.659	0.966	0.966	1.323	1.72
NR3C2	1.387	1.195	0.896	-0.343	0.686	N/A	1.664	1.195	1.664	1.195
CNTF	0.0	-1.066	-1.32	-1.066	-1.32	-0.447	-1.066	-1.32	-1.195	-1.387
FUS-DDIT3	1.131	1.432	1.432	N/A	1.131	0.283	1.131	1.432	1.067	1.067
FOXO1	N/A	2.609	N/A	N/A	N/A	N/A	2.413	2.609	2.41	N/A
Cdkn2a	1.488	1.488	1.488	N/A	1.919	N/A	1.226	1.488	0.934	N/A
HLX	N/A	-2.0	-2.0	N/A	N/A	N/A	-2.0	-2.0	N/A	-2.0
RUNX3	-2.0	-2.0	-2.0	N/A	N/A	N/A	-2.0	-2.0	N/A	N/A
mycophenolic acid	N/A	2.0	2.0	N/A	N/A	N/A	N/A	2.0	2.0	2.0
Ifitm3	-2.0	-2.0	-2.0	N/A	N/A	N/A	-2.0	-2.0	N/A	N/A
hydroxypropyl-beta-cyclodextrin	-2.0	-2.0	-2.0	N/A	-2.0	N/A	N/A	-2.0	N/A	N/A
ELANE	0.811	1.161	1.161	1.24	1.161	N/A	0.818	1.161	1.24	1.24
TGFB1	0.686	1.162	0.907	1.494	0.959	0.841	1.705	1.093	0.514	0.588
FOXL2	N/A	1.987	1.987	N/A	N/A	N/A	N/A	1.987	1.987	1.987
dimethyl fumarate	-1.987	-1.987	-1.987	N/A	N/A	N/A	-1.987	-1.987	N/A	N/A
FFAR3	1.987	1.987	1.987	N/A	N/A	N/A	1.987	1.987	N/A	N/A
tributyrin	N/A	1.981	1.981	N/A	N/A	N/A	N/A	1.981	1.981	1.981
ID3	N/A	1.98	1.98	N/A	N/A	N/A	1.98	1.98	N/A	1.98
mir-181 (includes others)	N/A	-1.98	-1.98	N/A	N/A	N/A	-1.98	-1.98	-1.98	N/A
IL25	0.811	1.165	1.165	0.811	1.165	0.811	1.165	1.165	0.811	0.811
fingolimod	-1.974	-1.974	-1.974	N/A	N/A	N/A	-1.974	-1.974	N/A	N/A
ST8SIA1	-1.969	-1.969	-1.969	N/A	N/A	N/A	-1.969	-1.969	N/A	N/A
ADIPOQ	1.122	1.402	1.402	0.193	1.016	1.143	1.402	1.402	0.12	0.616
CCL5	N/A	1.96	1.96	1.96	1.96	N/A	N/A	1.96	N/A	N/A
TP63	N/A	1.327	1.269	1.145	1.394	0.795	0.94	1.086	0.695	1.138
pevonedistat	N/A	-1.951	-1.951	N/A	N/A	N/A	-1.951	-1.951	-1.951	N/A
mir-1 (includes others)	N/A	-1.276	-1.276	-1.03	-1.03	-1.165	-1.03	-0.964	-1.276	-0.685
Scd1	-1.455	-0.647	-0.647	-1.067	-0.555	-2.219	-1.026	-1.026	-0.728	-0.342
CpG oligonucleotide	N/A	1.247	N/A	0.994	0.994	N/A	1.247	1.247	1.957	1.957
CIAP	-1.067	-1.067	-1.067	-1.067	-1.067	N/A	-1.067	-1.067	-1.067	-1.067
TGIF1	N/A	1.195	1.195	1.195	1.195	N/A	1.195	1.195	1.195	1.195
VCAN	0.9	1.478	1.478	N/A	1.206	N/A	1.206	1.478	0.9	0.9
JAG2	-0.651	-0.97	-0.97	-1.432	-1.432	-0.152	-0.97	-0.97	-0.97	-0.97
PRKCSH	1.342	2.0	2.0	N/A	N/A	N/A	2.0	2.0	N/A	N/A
TNFSF15	1.172	1.455	1.455	N/A	1.172	1.172	1.455	1.455	N/A	N/A
RARA	0.928	1.219	1.219	0.218	0.6	1.4	1.219	1.219	0.218	1.091
IL32	N/A	0.987	0.987	1.44	1.44	N/A	1.44	0.987	0.987	0.987
TWIST1	0.651	0.963	0.963	N/A	1.41	1.114	1.41	0.963	1.114	0.651
trichostatin A	-1.007	-0.863	-0.666	-1.358	-1.905	N/A	-1.039	-0.863	-0.833	-0.688
EPAS1	2.371	1.766	1.766	N/A	1.535	N/A	N/A	1.766	N/A	N/A
PI3K (family)	N/A	1.835	1.835	N/A	N/A	N/A	1.835	1.835	1.835	N/A
ITGB1	0.422	0.864	0.864	1.268	0.864	0.036	0.864	0.864	1.528	1.528
FOXA2	0.816	0.816	0.816	0.0	2.0	0.239	0.816	0.816	1.067	1.664
SYK	0.916	1.296	1.296	N/A	1.968	0.916	1.296	1.296	N/A	N/A
atorvastatin	-0.783	-1.239	-1.239	N/A	-1.473	N/A	-0.68	-1.239	-1.147	-1.147
IRF7	2.236	2.236	N/A	N/A	2.236	N/A	N/A	2.236	N/A	N/A
lovastatin	-1.067	-1.067	-1.067	-0.686	-0.686	N/A	-1.067	-1.067	-1.067	-1.067
PPARGC1A	-0.978	-1.013	-1.013	-1.069	-1.38	N/A	-1.013	-1.013	-1.353	N/A
CLEC7A	1.217	1.484	1.484	N/A	1.217	N/A	1.937	1.484	N/A	N/A
IFN beta	-0.44	-0.585	-0.585	-1.405	-0.553	-0.218	-0.876	-0.876	-1.59	-1.648
retinol	N/A	1.091	1.091	1.091	1.091	N/A	1.091	1.091	1.091	1.091
quercetin	-1.065	-1.323	-1.323	N/A	N/A	N/A	-1.323	-1.323	-1.323	-0.968
TGF beta	-0.831	-1.057	-1.057	-1.092	-1.332	N/A	-1.057	-1.057	-0.33	-0.831
BCL2	N/A	1.076	1.076	1.076	1.076	N/A	1.076	1.076	1.076	1.076
methylprednisolone	-0.815	-0.787	-0.787	N/A	-1.476	-2.127	-1.378	-0.522	-0.627	0.083
oleic acid	N/A	-1.358	-1.358	N/A	-1.486	N/A	-1.011	-1.358	-1.011	-1.011
acetylcholine	N/A	1.067	1.067	1.067	1.067	N/A	1.067	1.067	1.067	1.067
CGA	N/A	1.697	1.697	1.697	N/A	N/A	1.697	1.697	N/A	N/A
MET	0.152	0.97	0.97	N/A	1.98	N/A	0.97	0.97	0.97	1.432
FABP4	1.195	1.195	1.195	N/A	N/A	N/A	1.195	1.195	1.195	1.195
MAP3K7	1.271	1.158	1.158	0.121	0.885	0.885	1.158	1.158	0.041	0.375
10E,12Z-octadecadienoic acid	N/A	1.204	1.204	0.469	N/A	N/A	1.204	1.204	1.69	1.204
dexamethasone	0.709	-0.663	-0.27	-1.525	-0.974	1.04	-0.476	-0.432	-1.293	-0.751
TAFAZZIN	0.895	1.154	1.154	N/A	0.218	1.276	1.154	1.154	N/A	1.091
TAB1	N/A	-1.153	-1.153	-1.153	-1.153	N/A	-1.153	-1.153	-1.153	N/A
wood smoke particle	N/A	2.0	2.0	N/A	N/A	N/A	2.0	2.0	N/A	N/A
vidutolimod	2.0	2.0	2.0	N/A	N/A	N/A	N/A	2.0	N/A	N/A
IRF2BP2	-2.0	-2.0	N/A	N/A	-2.0	N/A	N/A	-2.0	N/A	N/A
pyridoxine	N/A	-2.0	-2.0	N/A	-2.0	N/A	N/A	-2.0	N/A	N/A
bezafibrate	N/A	2.0	2.0	N/A	N/A	N/A	2.0	2.0	N/A	N/A
metronidazole	N/A	-2.0	-2.0	N/A	N/A	N/A	N/A	N/A	-2.0	-2.0
IL4R	N/A	2.0	N/A	2.0	N/A	N/A	N/A	2.0	N/A	2.0
KEAP1	1.969	1.253	1.253	N/A	N/A	0.958	1.253	1.253	N/A	N/A
TRIM26	-1.982	-1.982	-1.982	N/A	N/A	N/A	N/A	-1.982	N/A	N/A
Gm12602	N/A	-1.982	-1.982	N/A	-1.982	N/A	N/A	-1.982	N/A	N/A
tanshinone II	N/A	-1.982	-1.982	N/A	-1.982	N/A	N/A	-1.982	N/A	N/A
phorbol 12,13-dibutyrate	N/A	1.982	1.982	N/A	N/A	N/A	1.982	1.982	N/A	N/A
DDIT3	N/A	1.98	1.98	N/A	N/A	N/A	1.98	1.98	N/A	N/A
MMP9	0.555	0.896	0.896	1.067	0.896	N/A	0.896	0.896	0.896	0.896
emodin	N/A	-1.972	-1.972	N/A	-1.972	N/A	N/A	-1.972	N/A	N/A
IGF1R	1.513	N/A	1.791	N/A	N/A	N/A	1.491	N/A	1.513	1.558
berberine	-0.532	-0.974	-0.974	N/A	-1.481	N/A	-0.974	-0.974	-0.974	-0.974
sodium chloride	N/A	N/A	N/A	N/A	N/A	N/A	1.963	1.963	1.963	1.963
cobalt chloride	N/A	1.96	1.96	N/A	N/A	N/A	1.96	1.96	N/A	N/A
prostaglandin D2	N/A	1.957	1.957	N/A	N/A	N/A	1.957	1.957	N/A	N/A
miR-155-5p (miRNAs w/seed UAAUGCU)	N/A	N/A	N/A	-1.953	-1.953	N/A	N/A	N/A	-1.953	-1.953
calcimycin	N/A	1.949	1.949	N/A	1.949	N/A	N/A	1.949	N/A	N/A
CpG ODN 1826	1.948	1.948	1.948	N/A	N/A	N/A	N/A	1.948	N/A	N/A
RARG	N/A	1.941	1.941	N/A	N/A	N/A	1.941	1.941	N/A	N/A
NOTCH1	-0.034	-0.504	-0.768	-1.949	-0.838	N/A	-0.504	-0.504	-1.32	-1.32
IL23	N/A	1.929	1.929	N/A	1.929	N/A	N/A	1.929	N/A	N/A
IGF1	0.584	0.998	1.154	N/A	0.417	N/A	1.391	0.998	1.033	1.114
dopamine	-1.342	-0.816	-0.816	-1.0	-0.447	N/A	-0.816	-0.816	-0.816	-0.816
CDKN1A	N/A	-1.0	-0.61	-1.0	-0.61	-1.154	-1.0	-0.61	-0.896	-0.788
BDNF	N/A	1.044	1.044	1.091	N/A	N/A	N/A	1.044	1.467	1.954
CASP8	0.392	0.73	0.73	0.73	1.177	N/A	1.177	0.73	1.177	0.73
ESR1	-1.902	-1.16	-0.944	N/A	N/A	N/A	-1.87	-0.944	-0.746	N/A
ursolic acid	-1.512	-1.512	-1.512	N/A	-1.512	N/A	N/A	-1.512	N/A	N/A
tamoxifen	0.485	0.741	0.741	N/A	N/A	2.148	1.055	0.741	0.803	0.842
PROC	-1.172	-1.026	-1.026	N/A	-1.455	N/A	-0.391	-1.026	-0.728	-0.728
PML	0.581	0.966	0.966	N/A	1.941	N/A	0.966	0.966	0.581	0.581
actinomycin D	N/A	-1.329	N/A	N/A	-0.988	N/A	-1.329	-1.329	-0.946	-1.611
AGER	1.932	1.175	1.175	N/A	1.175	N/A	0.894	1.175	N/A	N/A
STAT6	1.178	1.178	0.41	0.818	0.915	N/A	0.915	0.049	1.698	0.359
linoleic acid	1.067	1.067	1.067	N/A	N/A	N/A	1.067	1.067	1.067	1.067
NFKB2	0.557	0.943	0.943	N/A	N/A	1.0	0.943	0.943	1.069	1.069
filgrastim	N/A	-0.664	-0.664	-1.455	-0.99	N/A	-0.99	-0.365	-1.664	-0.647
TRIM28	N/A	-0.864	-0.864	-0.864	-1.268	N/A	-0.864	-0.864	-0.864	-0.864
AREG	0.447	0.816	0.816	0.447	0.447	N/A	0.816	0.816	1.342	1.342
clofibrate	N/A	-1.109	-1.109	N/A	-2.0	N/A	-0.762	-1.109	N/A	-1.109
SERPINA1	-0.594	-0.937	-0.937	N/A	-2.0	N/A	-0.594	-0.937	-0.594	-0.594
SNAI1	N/A	-1.491	-1.491	N/A	N/A	N/A	N/A	-1.491	-1.214	-1.491
PLX5622	1.117	-0.222	-0.222	-0.745	-0.756	1.342	1.89	-0.222	0.493	0.156
diethylstilbestrol	0.812	1.127	1.127	0.739	0.739	N/A	N/A	1.127	1.211	0.283
ARID1A	-0.676	-0.488	-0.488	-1.011	-1.125	-1.107	-0.488	-0.488	-0.538	-0.748
N-(3-oxododecanoyl)-homoserine lactone	N/A	-0.887	-0.887	-0.887	-0.887	N/A	-0.887	-0.887	-0.887	-0.887
raloxifene	-1.0	-0.64	-0.64	-0.762	-0.762	-1.0	-1.342	-0.64	0.152	0.152
vancomycin	-1.387	-0.943	-0.943	0.218	N/A	N/A	-0.647	-0.647	-0.943	-1.353
GSK3B	N/A	0.882	0.882	0.882	0.882	N/A	0.882	0.882	0.882	0.882
S100A8	0.573	0.626	0.626	0.708	0.626	0.18	0.626	0.626	1.012	1.452
RBPJ	-0.378	-0.378	-0.378	-1.0	-1.0	-0.447	-0.378	-0.378	-1.342	-1.342
SMAD4	-0.867	-0.867	-0.867	N/A	N/A	-0.662	-0.867	-0.867	-1.009	-1.009
PPARG	-1.179	-0.591	-0.591	-0.29	-0.854	-0.633	-0.706	-0.834	-0.623	-0.707
PDLIM2	N/A	1.0	1.0	1.0	1.0	N/A	1.0	1.0	N/A	1.0
CH25H	N/A	1.732	1.732	N/A	1.732	N/A	N/A	1.732	N/A	N/A
rosiglitazone	0.856	1.095	1.371	N/A	0.153	N/A	0.596	1.095	0.873	0.798
CD28	N/A	N/A	N/A	1.537	1.537	N/A	1.77	N/A	1.963	N/A
METTL3	0.168	0.479	0.9	N/A	1.124	1.0	0.479	0.9	0.709	0.981
IFNB1	N/A	-0.44	-0.44	-1.051	-0.44	N/A	-0.44	-0.44	-1.945	-1.544
BMP7	N/A	-1.461	-1.461	-1.177	-1.177	N/A	N/A	-1.461	N/A	N/A
fatty acid	N/A	1.114	1.114	N/A	1.114	N/A	1.114	1.114	N/A	1.114
TCF7L2	N/A	N/A	N/A	N/A	N/A	N/A	2.778	N/A	1.942	1.942
OLR1	0.591	0.907	0.907	N/A	0.591	N/A	0.907	0.907	0.907	0.907
WNT5A	-1.37	-1.001	-1.001	-0.261	-0.29	0.257	-0.22	-0.76	-0.828	-0.616
KLF2	-0.421	-0.443	-0.443	-1.087	-1.35	N/A	-0.868	-0.443	-0.745	-0.745
8-bromo-cAMP	N/A	N/A	1.201	1.134	N/A	N/A	2.121	1.201	0.816	N/A
CD274	1.067	1.067	1.067	N/A	1.067	N/A	1.067	1.067	N/A	N/A
isotretinoin	N/A	1.067	1.067	N/A	N/A	N/A	1.067	1.067	1.067	1.067
Immunoglobulin	0.763	0.758	0.758	0.567	1.026	0.362	0.603	0.758	-0.302	0.469
KITLG	N/A	N/A	N/A	2.195	2.195	N/A	N/A	N/A	1.972	N/A
SALL4	0.0	0.447	0.816	1.0	0.816	0.0	0.447	0.816	1.0	1.0
SRF	1.109	1.109	1.109	N/A	N/A	N/A	1.109	1.109	0.762	N/A
PRDM1	-1.118	-0.29	-0.29	0.453	0.412	-1.504	-1.118	-0.29	-0.199	0.578
sphingosine-1-phosphate	0.434	0.969	0.969	N/A	N/A	N/A	0.969	0.969	0.969	0.969
N-nitro-L-arginine methyl ester	1.663	0.837	0.837	N/A	0.505	N/A	0.505	0.837	0.505	0.505
NOS2	N/A	0.97	0.97	0.555	1.432	N/A	N/A	0.97	1.067	0.152
NLRP10	N/A	0.762	0.762	0.762	0.762	N/A	0.762	0.762	0.762	0.762
docosahexaenoic acid	N/A	-1.06	N/A	N/A	-0.763	N/A	-1.06	-1.06	-1.06	-1.06
CAT	N/A	-1.0	-1.0	N/A	N/A	N/A	-1.0	-1.0	-1.0	-1.0
E. coli serotype 0127B8 lipopolysaccharide	N/A	2.0	2.0	N/A	N/A	N/A	N/A	2.0	N/A	N/A
SMARCB1	2.0	N/A	N/A	N/A	N/A	N/A	N/A	N/A	2.0	2.0
PTPRR	N/A	-2.0	-2.0	N/A	N/A	N/A	N/A	-2.0	N/A	N/A
dinoprost	1.0	1.0	1.0	N/A	N/A	N/A	1.0	1.0	1.0	N/A
GW3965	N/A	-0.611	-0.611	-1.184	-1.184	N/A	-0.611	-0.611	-1.184	N/A
RHOA	0.762	1.109	1.109	N/A	N/A	N/A	1.109	1.109	0.762	N/A
GNAQ	N/A	N/A	1.982	N/A	N/A	N/A	N/A	1.982	N/A	1.982
SHC1	N/A	-1.982	-1.982	N/A	N/A	N/A	N/A	-1.982	N/A	N/A
mir-146 (includes others)	N/A	-1.98	-1.98	N/A	N/A	N/A	N/A	-1.98	N/A	N/A
U46619	N/A	N/A	1.98	N/A	N/A	N/A	N/A	1.98	N/A	1.98
cis-urocanic acid	N/A	1.98	1.98	N/A	N/A	N/A	N/A	1.98	N/A	N/A
rifampin	N/A	1.969	1.969	N/A	N/A	N/A	N/A	1.969	N/A	N/A
IL7	N/A	N/A	N/A	N/A	1.969	N/A	1.969	N/A	N/A	1.969
NR1D1	N/A	-1.964	-1.964	N/A	N/A	N/A	N/A	-1.964	N/A	N/A
mir-506 (includes others)	N/A	-1.948	-1.948	N/A	N/A	N/A	N/A	-1.948	N/A	N/A
SOX2	1.224	1.533	N/A	N/A	N/A	N/A	1.533	1.533	N/A	N/A
HSP70	-0.714	-0.801	-0.801	-0.369	-0.801	N/A	-0.801	-0.801	-0.369	0.208
TGFA	N/A	1.132	1.132	N/A	N/A	N/A	1.132	1.132	1.132	N/A
PPP2CA	1.0	1.0	1.0	N/A	N/A	N/A	1.0	1.0	0.577	N/A
BMPR2	0.469	0.849	0.849	N/A	N/A	N/A	0.849	0.849	0.849	0.849
IRF2	-0.235	0.681	0.681	N/A	0.681	N/A	0.862	0.681	0.862	0.862
Z-LLL-CHO	N/A	-1.096	-1.096	N/A	N/A	N/A	-1.096	-1.096	-1.141	N/A
abemaciclib	1.103	1.103	1.103	N/A	N/A	N/A	1.103	1.103	N/A	N/A
SMAD3	-0.726	-0.726	-0.726	N/A	N/A	-0.873	-0.726	-0.726	-0.726	-0.27
FGFR2	N/A	-1.067	N/A	N/A	N/A	0.152	-1.067	-1.067	-1.067	-1.067
IRF3	0.747	0.631	0.631	0.52	1.253	N/A	0.332	0.631	0.332	0.332
RB1	N/A	1.342	1.342	N/A	N/A	N/A	1.342	1.342	N/A	N/A
THRB	0.2	0.346	1.0	0.346	0.346	N/A	0.346	0.734	1.039	1.0
PHACTR1	N/A	1.067	1.067	N/A	N/A	N/A	N/A	1.067	1.067	1.067
tamibarotene	N/A	1.067	1.067	N/A	1.067	N/A	N/A	1.067	N/A	1.067
NR5A2	-0.883	-0.883	-0.883	N/A	N/A	-0.883	-0.883	-0.883	N/A	N/A
F2R	0.469	1.011	1.011	N/A	N/A	N/A	1.011	1.011	0.704	N/A
TGFB2	-1.953	N/A	N/A	N/A	N/A	N/A	-1.953	N/A	-1.172	N/A
ESRRA	N/A	1.0	1.342	N/A	N/A	N/A	N/A	1.342	N/A	1.342
MAPK3	N/A	1.0	1.0	N/A	N/A	N/A	1.0	1.0	1.0	N/A
amlexanox	-1.0	-2.0	N/A	N/A	N/A	N/A	N/A	-2.0	N/A	N/A
GNAS	1.0	1.0	1.0	N/A	N/A	N/A	1.0	1.0	N/A	N/A
SOST	N/A	0.832	0.832	N/A	N/A	N/A	0.832	0.832	0.832	0.832
3M-002	-0.2	-0.87	-0.87	N/A	-0.655	N/A	-0.87	-0.87	N/A	-0.655
melatonin	-0.44	-0.747	-0.747	N/A	-1.437	N/A	-0.287	-0.747	-0.287	-0.287
CARD9	0.447	0.447	0.447	1.353	1.353	N/A	0.447	0.447	-0.017	-0.017
TCF3	1.964	N/A	N/A	1.0	2.0	N/A	N/A	N/A	N/A	N/A
methotrexate	-0.955	-0.325	-0.325	0.464	-0.626	-0.54	-0.325	-0.325	-0.39	-0.686
TNFRSF1A	-1.216	-0.011	-0.011	0.994	0.569	-0.983	-0.012	-0.011	0.569	0.569
Pam3-Cys	N/A	1.23	1.23	N/A	1.23	N/A	N/A	1.23	N/A	N/A
mifepristone	-0.728	-0.728	-0.728	0.152	N/A	N/A	-0.728	-0.728	-0.391	-0.728
fasudil	-1.225	-1.225	-1.225	N/A	N/A	N/A	N/A	-1.225	N/A	N/A
IL17F	-0.557	0.508	0.508	0.508	0.508	0.218	0.508	0.508	0.508	0.508
dimethyl sulfoxide	N/A	0.776	1.131	N/A	0.339	N/A	0.776	1.131	0.339	0.339
mir-223	-0.532	-0.176	-0.176	-0.532	-0.532	-1.402	-0.532	-0.176	-0.61	0.16
imatinib	-0.97	N/A	N/A	N/A	N/A	N/A	-0.97	N/A	-1.432	-1.432
butyric acid	N/A	-0.335	-0.335	-0.054	-0.556	-2.184	-0.443	-0.335	0.13	0.372
THRA	0.739	N/A	0.739	0.283	0.283	N/A	N/A	0.739	1.192	0.739
nicotine	N/A	0.378	0.378	1.342	1.342	N/A	0.0	0.378	-0.447	0.447
aldesleukin	N/A	0.784	0.784	N/A	N/A	N/A	0.784	0.784	0.784	0.784
mir-19 (includes others)	N/A	-1.172	-1.172	N/A	N/A	N/A	-1.172	-1.172	N/A	N/A
TK1	N/A	1.342	1.342	1.0	N/A	N/A	N/A	N/A	N/A	1.0
SPP1	N/A	N/A	N/A	0.932	0.932	N/A	0.932	N/A	0.932	0.932
RXRA	N/A	-0.336	-0.336	-0.698	-0.698	0.188	-0.336	-0.336	-0.836	-0.836
cerivastatin	N/A	0.914	0.914	N/A	N/A	N/A	N/A	0.914	0.914	0.914
SOCS1	-0.692	-0.294	-0.294	N/A	-1.091	-0.152	-0.294	-0.294	-0.728	-0.728
RAS	N/A	1.131	1.131	N/A	N/A	N/A	1.131	1.131	N/A	N/A
baicalein	N/A	-1.131	-1.131	N/A	-1.131	N/A	N/A	-1.131	N/A	N/A
chenodeoxycholic acid	N/A	1.131	1.131	N/A	N/A	N/A	1.131	1.131	N/A	N/A
VIP	N/A	-1.508	-1.508	N/A	N/A	N/A	N/A	-1.508	N/A	N/A
WTAP	-0.991	-0.588	-0.588	N/A	N/A	N/A	-0.588	-0.588	-0.588	-0.588
KCNIP3	0.895	0.895	0.895	N/A	N/A	N/A	0.895	0.895	N/A	N/A
ferulic acid	0.277	0.277	0.277	N/A	-0.333	1.0	1.0	0.277	1.0	N/A
3-methylcholanthrene	N/A	1.103	1.103	N/A	N/A	N/A	1.103	1.103	N/A	N/A
NFAT5	-0.623	-0.623	-0.623	N/A	-1.042	-0.327	-0.51	-0.623	0.005	0.005
EP300	N/A	0.728	0.728	N/A	N/A	N/A	0.728	0.728	0.728	0.728
MAPK1	0.164	-0.493	0.029	-0.816	-0.453	-0.447	-0.493	0.029	-0.816	0.625
ALOX5	1.0	0.577	0.577	0.707	N/A	N/A	0.905	0.577	0.0	N/A
NLRX1	N/A	0.657	0.91	0.225	1.237	N/A	N/A	0.91	0.199	0.199
IRF4	0.293	0.651	0.651	1.114	0.651	N/A	0.293	0.651	N/A	N/A
PTGER4	-1.732	0.218	0.218	0.254	1.103	N/A	0.218	0.218	-0.156	-0.187
chloroquine	-0.485	-0.485	-0.485	-0.343	-0.911	N/A	-0.485	-0.485	-0.13	-0.485
CAV1	0.365	0.686	0.686	N/A	N/A	N/A	0.365	0.686	0.365	1.095
MEN1	-1.334	N/A	-1.334	N/A	N/A	N/A	N/A	N/A	-1.0	-0.469
activin (family)	-0.737	-0.737	-0.737	N/A	N/A	N/A	-0.737	-0.737	N/A	-0.404
carbon tetrachloride	N/A	N/A	N/A	N/A	N/A	0.092	N/A	N/A	1.963	1.963
MRTFB	N/A	2.0	N/A	N/A	N/A	N/A	N/A	2.0	N/A	N/A
ShK-223	N/A	-1.0	-1.0	N/A	N/A	N/A	N/A	-1.0	-1.0	N/A
DNMT3B	N/A	-1.0	N/A	N/A	N/A	N/A	-1.0	-1.0	N/A	-1.0
FEV	N/A	N/A	N/A	N/A	N/A	N/A	N/A	2.0	N/A	2.0
CBX5	N/A	N/A	N/A	N/A	-2.0	N/A	N/A	-2.0	N/A	N/A
methamphetamine	1.432	N/A	N/A	N/A	N/A	N/A	1.432	N/A	N/A	1.131
TNFSF10	N/A	N/A	N/A	N/A	N/A	N/A	1.311	N/A	1.311	1.311
IL6R	N/A	0.555	0.555	N/A	0.555	N/A	0.555	0.555	0.555	0.555
hyaluronic acid	0.221	0.657	0.657	N/A	0.332	N/A	0.657	0.657	0.332	0.332
SERPINE1	N/A	0.762	0.762	N/A	0.762	N/A	0.762	0.762	N/A	N/A
dextran sulfate	N/A	0.935	0.935	N/A	0.935	N/A	N/A	0.935	N/A	N/A
CEBPA	-0.239	0.389	0.389	N/A	0.816	N/A	0.113	0.389	0.896	0.478
DIO3	N/A	0.128	0.478	-0.152	0.478	1.067	N/A	0.128	-1.0	-0.277
NCOA2	0.113	0.113	0.113	N/A	N/A	1.387	0.113	0.113	-1.109	-0.64
molybdenum disulfide	N/A	0.447	0.447	0.447	0.447	-1.0	0.0	0.447	0.447	0.0
RASSF1	N/A	0.728	0.728	N/A	N/A	N/A	0.728	0.728	0.728	N/A
GPER1	0.728	0.728	0.728	N/A	N/A	N/A	0.728	0.728	N/A	N/A
indomethacin	N/A	N/A	N/A	-0.641	-1.402	N/A	-0.955	N/A	-0.641	N/A
wortmannin	0.136	-0.449	-0.449	N/A	N/A	N/A	-0.449	-0.449	-0.449	-1.221
RELB	-0.694	-0.203	-0.203	0.0	0.365	-1.473	-0.203	-0.203	-0.221	0.0
IL10RA	-0.478	-0.102	0.194	-0.896	-0.896	0.0	-0.426	0.194	-0.128	0.239
F7	N/A	0.394	0.394	1.077	0.394	N/A	0.1	0.394	0.394	0.394
4-phenylbutyric acid	N/A	0.602	0.602	0.244	0.602	N/A	0.602	0.602	N/A	0.244
FTO	1.295	N/A	1.295	N/A	N/A	0.832	N/A	N/A	N/A	N/A
STK40	N/A	-0.849	-0.849	N/A	N/A	N/A	-0.849	-0.849	N/A	N/A
NR1H2	N/A	-0.849	-0.849	N/A	N/A	N/A	-0.849	-0.849	N/A	N/A
glutamine	N/A	N/A	-1.109	N/A	N/A	N/A	N/A	N/A	-1.109	-1.109
IgG	0.308	0.284	0.284	-0.135	0.148	N/A	0.759	0.284	0.524	0.524
CYBB	0.478	0.478	0.478	0.152	0.152	N/A	0.128	0.478	-0.762	0.128
TREM2	0.444	0.072	0.072	-0.633	-0.633	N/A	0.444	0.072	0.519	-0.291
progesterone	0.13	0.327	0.327	-0.278	-0.719	-0.124	0.327	0.327	-0.149	0.463
heparin	N/A	-0.79	-0.79	N/A	-0.79	N/A	N/A	-0.79	N/A	N/A
paclitaxel	N/A	N/A	N/A	0.775	0.775	N/A	N/A	N/A	0.775	0.775
genistein	N/A	N/A	N/A	N/A	N/A	N/A	-1.085	N/A	-2.002	N/A
calcitriol	-0.503	-0.039	-0.039	-0.214	-0.739	-0.61	0.324	-0.039	0.401	0.154
SERPINE2	-0.339	-0.339	-0.339	-0.339	-0.339	N/A	-0.339	-0.339	-0.339	-0.339
NFE2L2	-0.561	-0.208	-0.208	-0.513	-0.474	-0.108	-0.208	-0.208	-0.125	-0.402
beta-carotene	N/A	-1.0	-1.0	N/A	N/A	N/A	N/A	-1.0	N/A	N/A
KCNJ2	1.0	N/A	N/A	N/A	2.0	N/A	N/A	N/A	N/A	N/A
SMARCA5	N/A	-1.0	N/A	N/A	N/A	N/A	-1.0	N/A	N/A	-1.0
TYK2	0.492	0.492	0.492	N/A	N/A	N/A	0.492	0.492	N/A	0.492
mir-27 (includes others)	N/A	0.589	0.589	N/A	N/A	0.589	0.589	0.589	N/A	N/A
alitretinoin	-0.468	-0.468	-0.468	N/A	N/A	N/A	-0.468	-0.468	-0.468	-0.106
BMP4	-0.629	0.161	0.161	-0.277	0.128	-0.712	-0.148	0.161	0.053	0.416
ciglitazone	-0.219	-0.52	-0.199	N/A	-0.218	N/A	-0.52	-0.52	-0.52	-0.059
GW9662	0.232	0.232	0.232	N/A	0.882	N/A	0.232	0.232	-0.392	-0.339
NTRK1	N/A	0.378	0.378	-0.447	0.0	N/A	N/A	0.707	N/A	0.816
IFN gamma	0.398	0.398	0.398	N/A	0.958	N/A	-0.132	0.398	N/A	N/A
D-glucose	N/A	N/A	N/A	N/A	N/A	N/A	N/A	N/A	2.675	N/A
TERT	N/A	0.333	0.333	0.333	0.333	N/A	0.333	0.333	0.333	0.333
morphine	N/A	-0.6	-0.6	-0.561	-0.248	N/A	N/A	-0.6	N/A	N/A
MEK	-0.798	-0.343	-0.343	N/A	N/A	N/A	-0.343	-0.343	-0.246	0.132
spermine	N/A	N/A	-0.849	N/A	N/A	N/A	N/A	N/A	-0.849	-0.849
copper	-0.152	0.277	0.277	N/A	N/A	N/A	0.277	0.277	0.277	1.0
adenosine	-0.254	0.156	0.156	N/A	N/A	N/A	0.594	0.156	0.594	0.594
TP53	N/A	1.138	N/A	N/A	N/A	N/A	N/A	1.138	0.196	N/A
RNF31	-1.0	0.128	0.128	-0.277	-0.277	N/A	0.128	0.128	0.128	-0.277
NR1I2	0.0	0.434	0.434	-0.34	-0.02	N/A	0.169	0.434	-0.315	-0.315
fenofibrate	N/A	0.051	0.051	N/A	-0.73	N/A	-0.232	0.051	-0.662	-0.662
PPARD	-0.758	0.408	-0.041	N/A	N/A	N/A	0.796	-0.041	0.084	-0.31
estrogen receptor	N/A	-0.466	-0.466	-0.084	-0.084	N/A	N/A	-0.466	0.758	-0.084
SNCA	-0.046	-0.046	-0.046	N/A	1.126	0.684	-0.046	-0.046	N/A	0.343
bortezomib	N/A	N/A	N/A	N/A	N/A	N/A	0.896	N/A	0.896	0.555
PGR	0.344	-0.256	0.031	N/A	N/A	N/A	0.031	-0.256	0.344	1.066
F3	-0.202	0.165	0.165	N/A	-0.202	N/A	0.723	0.165	0.351	0.351
resveratrol	N/A	N/A	N/A	N/A	N/A	N/A	-0.884	N/A	-1.426	N/A
FOXA1	N/A	0.339	N/A	N/A	N/A	N/A	N/A	0.339	0.811	0.811
topotecan	N/A	N/A	N/A	N/A	N/A	N/A	N/A	N/A	-2.219	N/A
AMPK	0.132	-0.246	-0.246	N/A	N/A	N/A	-0.246	-0.246	-0.246	-0.849
PTEN	0.274	0.333	0.076	N/A	0.162	0.694	0.081	0.333	-0.008	-0.169
AR	0.16	N/A	0.15	N/A	N/A	N/A	0.565	N/A	1.193	N/A
celecoxib	-0.686	-0.686	N/A	N/A	N/A	N/A	N/A	-0.686	N/A	N/A
C3AR1	N/A	0.254	0.254	0.254	0.254	N/A	0.254	0.254	0.254	0.254
VDR	-0.342	-0.066	-0.066	0.321	0.321	N/A	-0.342	-0.066	-0.419	-0.066
asoprisnil	N/A	N/A	-2.0	N/A	N/A	N/A	N/A	N/A	N/A	N/A
bisphenol A	1.0	N/A	N/A	N/A	N/A	N/A	1.0	N/A	N/A	N/A
KLF11	N/A	N/A	N/A	1.0	N/A	0.0	1.0	N/A	N/A	N/A
THZ531	N/A	N/A	N/A	N/A	N/A	N/A	-2.0	N/A	N/A	N/A
bexarotene	-0.128	-0.128	-0.128	N/A	-1.067	0.277	-0.128	-0.128	N/A	N/A
LYN	0.283	0.283	0.283	0.283	0.283	N/A	0.283	0.283	N/A	N/A
dorsomorphin	0.0	-0.391	-0.391	N/A	0.0	N/A	0.0	-0.391	0.651	0.152
dimethyl n-oxalyl-glycine	N/A	-0.218	-0.218	0.0	-0.218	N/A	N/A	-0.218	-1.103	N/A
REL	N/A	N/A	N/A	N/A	N/A	N/A	N/A	N/A	1.97	N/A
NPC1	-1.969	N/A	N/A	N/A	N/A	N/A	N/A	N/A	N/A	N/A
NR1H3	N/A	-0.633	N/A	N/A	N/A	N/A	-0.633	-0.633	N/A	N/A
zoledronic acid	-0.469	-0.0	-0.0	N/A	0.686	N/A	-0.686	-0.0	N/A	N/A
MAFB	N/A	0.555	0.555	N/A	N/A	N/A	N/A	0.555	0.152	N/A
ILF3	N/A	-0.447	-0.447	0.0	0.0	N/A	-0.447	-0.447	N/A	0.0
manganese	-0.447	-0.447	-0.447	N/A	N/A	N/A	0.0	-0.447	N/A	N/A
TMPRSS2-ERG	0.0	-0.447	-0.447	N/A	N/A	N/A	-0.447	-0.447	N/A	N/A
nitrofurantoin	0.577	N/A	N/A	N/A	0.577	N/A	N/A	N/A	0.577	N/A
growth hormone	N/A	N/A	N/A	N/A	N/A	N/A	N/A	N/A	0.853	0.853
streptozocin	-0.047	0.245	-0.047	N/A	N/A	N/A	0.245	0.245	0.355	0.479
FABP5	N/A	0.277	0.277	0.277	0.277	N/A	N/A	0.277	N/A	0.277
EGFR	N/A	N/A	N/A	N/A	N/A	N/A	N/A	N/A	1.502	N/A
testosterone	-0.492	N/A	-0.492	N/A	N/A	N/A	N/A	-0.492	N/A	N/A
ITGB3	0.243	0.243	0.243	N/A	N/A	N/A	0.243	0.243	N/A	0.243
CREB1	N/A	N/A	N/A	-1.0	-0.447	N/A	N/A	N/A	N/A	N/A
MAP2K1	N/A	N/A	1.119	N/A	N/A	N/A	N/A	N/A	N/A	0.313
INHBA	N/A	-0.391	0.0	N/A	N/A	-0.391	0.152	0.0	-0.391	0.0
ritonavir	N/A	0.218	0.218	N/A	N/A	N/A	0.218	0.218	0.218	0.218
gentamicin	N/A	N/A	N/A	N/A	-0.557	N/A	N/A	N/A	-0.557	-0.174
IFNGR1	N/A	N/A	N/A	N/A	0.415	N/A	N/A	N/A	0.415	0.415
STAT5B	N/A	0.113	0.113	N/A	N/A	0.896	0.113	N/A	N/A	N/A
tunicamycin	N/A	N/A	N/A	N/A	N/A	N/A	N/A	N/A	1.231	N/A
L-triiodothyronine	N/A	N/A	N/A	N/A	N/A	N/A	N/A	N/A	1.195	N/A
1,2-dithiole-3-thione	N/A	N/A	N/A	-1.192	N/A	N/A	N/A	N/A	N/A	N/A
PIM1	N/A	N/A	N/A	N/A	N/A	N/A	N/A	N/A	N/A	1.131
ciprofibrate	0.0	N/A	-0.555	N/A	N/A	N/A	N/A	N/A	N/A	-0.555
CX3CR1	N/A	N/A	N/A	N/A	N/A	N/A	N/A	N/A	N/A	-1.067
LRP5	-0.213	-0.213	-0.213	N/A	N/A	N/A	-0.213	-0.213	N/A	N/A
cordycepin	-0.152	-0.152	-0.152	N/A	N/A	-0.152	-0.152	-0.152	-0.152	N/A
FOXO3	N/A	N/A	N/A	N/A	N/A	N/A	N/A	N/A	1.04	N/A
NR4A1	-1.004	N/A	N/A	N/A	N/A	N/A	N/A	N/A	N/A	N/A
mir-802	N/A	N/A	N/A	N/A	N/A	N/A	N/A	N/A	N/A	-1.0
E2F3	N/A	N/A	N/A	N/A	N/A	N/A	N/A	N/A	1.0	N/A
LIF	N/A	-0.152	-0.152	N/A	-0.152	-0.152	-0.152	-0.152	0.0	0.0
diethylnitrosamine	N/A	0.0	0.447	N/A	N/A	N/A	N/A	0.0	0.0	0.447
CDK5	N/A	-0.218	-0.218	N/A	N/A	N/A	-0.218	-0.218	N/A	N/A
IL1RL1	N/A	-0.218	-0.218	N/A	-0.218	N/A	N/A	-0.218	N/A	N/A
CFTR	N/A	-0.218	-0.218	N/A	N/A	N/A	-0.218	-0.218	N/A	N/A
PRKAA1	N/A	N/A	N/A	N/A	-0.849	N/A	N/A	N/A	N/A	N/A
EWSR1-FLI1	N/A	-0.283	-0.283	N/A	N/A	N/A	N/A	-0.283	N/A	N/A
NFATC2	0.415	N/A	N/A	N/A	N/A	N/A	0.415	N/A	N/A	N/A
dihydrotestosterone	N/A	N/A	N/A	N/A	N/A	N/A	N/A	N/A	0.787	N/A
ZBTB10	0.13	0.13	0.13	N/A	N/A	0.13	0.13	0.13	N/A	N/A
aldosterone	N/A	N/A	N/A	N/A	N/A	N/A	0.776	N/A	N/A	N/A
GSK3	N/A	0.152	0.152	N/A	N/A	N/A	0.152	0.152	0.152	N/A
SELP	N/A	0.105	0.105	0.105	0.105	N/A	N/A	0.105	0.105	0.105
SIRT6	N/A	-0.119	-0.119	N/A	N/A	N/A	-0.119	-0.119	-0.119	-0.119
15-epi-lipoxin A4	N/A	0.218	0.218	N/A	N/A	N/A	N/A	0.218	N/A	N/A
KLF4	N/A	N/A	N/A	N/A	0.132	N/A	N/A	N/A	0.132	-0.351
RARRES2	N/A	-0.152	-0.152	N/A	N/A	N/A	-0.152	-0.152	N/A	N/A
fulvestrant	N/A	N/A	N/A	N/A	N/A	N/A	0.46	N/A	-0.067	N/A
allopurinol	N/A	-0.152	-0.152	N/A	N/A	N/A	N/A	-0.152	N/A	N/A
RFX1	N/A	N/A	N/A	0.218	0.218	N/A	N/A	N/A	N/A	N/A
NR4A3	-0.277	N/A	N/A	N/A	N/A	N/A	N/A	N/A	0.152	N/A
OGA	N/A	N/A	N/A	N/A	N/A	N/A	N/A	N/A	N/A	-0.378
FGF1	N/A	N/A	N/A	N/A	N/A	N/A	N/A	N/A	0.187	0.187
PLA2G10	-0.343	N/A	N/A	N/A	N/A	N/A	N/A	N/A	N/A	N/A
NR4A2	-0.068	-0.068	-0.068	N/A	N/A	N/A	-0.068	-0.068	N/A	N/A
LPL	N/A	0.054	0.054	N/A	N/A	N/A	0.054	0.054	0.054	0.054
HNF4A	N/A	N/A	N/A	N/A	N/A	N/A	N/A	N/A	-0.318	N/A
PPARA	N/A	N/A	0.155	N/A	N/A	N/A	N/A	0.155	N/A	N/A
NOTCH3	N/A	N/A	N/A	N/A	N/A	N/A	N/A	N/A	-0.152	-0.152
LEPR	0.152	N/A	N/A	N/A	N/A	N/A	N/A	N/A	0.152	N/A
cocaine	N/A	N/A	N/A	0.152	N/A	N/A	N/A	N/A	N/A	N/A
SIRT1	N/A	N/A	N/A	N/A	N/A	N/A	N/A	N/A	0.138	N/A
GPBAR1	N/A	N/A	-0.063	N/A	N/A	N/A	N/A	-0.063	N/A	N/A
mir-155	N/A	N/A	N/A	N/A	-0.057	N/A	N/A	N/A	N/A	N/A
KDM7A	N/A	N/A	N/A	N/A	N/A	N/A	N/A	N/A	N/A	N/A
CCNC	N/A	N/A	N/A	N/A	N/A	N/A	N/A	N/A	N/A	N/A
beryllium hydroxide	N/A	N/A	N/A	N/A	N/A	N/A	N/A	N/A	N/A	N/A
PPIF	N/A	N/A	N/A	N/A	N/A	N/A	N/A	N/A	N/A	N/A
vitamin MK 7	N/A	N/A	N/A	N/A	N/A	N/A	N/A	N/A	N/A	N/A
caffeic acid	N/A	N/A	N/A	N/A	N/A	N/A	N/A	N/A	N/A	N/A
HHEX	N/A	N/A	N/A	N/A	N/A	N/A	N/A	N/A	N/A	N/A
ZBTB48	N/A	N/A	N/A	N/A	N/A	N/A	N/A	N/A	N/A	N/A
FKHR	N/A	N/A	N/A	N/A	N/A	N/A	N/A	N/A	N/A	N/A
moringa isothiocyanate-1	N/A	N/A	N/A	N/A	N/A	N/A	N/A	N/A	N/A	N/A
ZNF580	N/A	N/A	N/A	N/A	N/A	N/A	N/A	N/A	N/A	N/A
IL36B	N/A	N/A	N/A	N/A	N/A	N/A	N/A	N/A	N/A	N/A
4-octyl itaconate	N/A	N/A	N/A	N/A	N/A	N/A	N/A	N/A	N/A	N/A
17S-hydroperoxy-docosahexaenoic acid	N/A	N/A	N/A	N/A	N/A	N/A	N/A	N/A	N/A	N/A
I-BOP	N/A	N/A	N/A	N/A	N/A	N/A	N/A	N/A	N/A	N/A
BMS-345541	N/A	N/A	N/A	N/A	N/A	N/A	N/A	N/A	N/A	N/A
CLEC11A	N/A	N/A	N/A	N/A	N/A	N/A	N/A	N/A	N/A	N/A
fosfomycin	N/A	N/A	N/A	N/A	N/A	N/A	N/A	N/A	N/A	N/A
SCH79797	N/A	N/A	N/A	N/A	N/A	N/A	N/A	N/A	N/A	N/A
miR-181a-2-3p (and other miRNAs w/seed CCACUGA)	N/A	N/A	N/A	N/A	N/A	N/A	N/A	N/A	N/A	N/A
SLC2A1	N/A	N/A	N/A	N/A	N/A	N/A	N/A	N/A	N/A	N/A
LMNA	N/A	N/A	N/A	N/A	N/A	N/A	N/A	N/A	N/A	N/A
aldose reductase	N/A	N/A	N/A	N/A	N/A	N/A	N/A	N/A	N/A	N/A
aroclor 1221	N/A	N/A	N/A	N/A	N/A	N/A	N/A	N/A	N/A	N/A
TRPC3	N/A	N/A	N/A	N/A	N/A	N/A	N/A	N/A	N/A	N/A
CIITA	N/A	N/A	N/A	N/A	N/A	N/A	N/A	N/A	N/A	N/A
benzoic acid	N/A	N/A	N/A	N/A	N/A	N/A	N/A	N/A	N/A	N/A
PRKAA2	N/A	N/A	N/A	N/A	N/A	N/A	N/A	N/A	N/A	N/A
ARG1	N/A	N/A	N/A	N/A	N/A	N/A	N/A	N/A	N/A	N/A
PIP5K1B	N/A	N/A	N/A	N/A	N/A	N/A	N/A	N/A	N/A	N/A
SERPINC1	N/A	N/A	N/A	N/A	N/A	N/A	N/A	N/A	N/A	N/A
IFNLR1	N/A	N/A	N/A	N/A	N/A	N/A	N/A	N/A	N/A	N/A
PSAP	N/A	N/A	N/A	N/A	N/A	N/A	N/A	N/A	N/A	N/A
MCU	N/A	N/A	N/A	N/A	N/A	N/A	N/A	N/A	N/A	N/A
THBD	N/A	N/A	N/A	N/A	N/A	N/A	N/A	N/A	N/A	N/A
TSC22D3	N/A	N/A	N/A	N/A	N/A	N/A	N/A	N/A	N/A	N/A
MDM2	N/A	N/A	N/A	N/A	N/A	N/A	N/A	N/A	N/A	N/A
kutkin	N/A	N/A	N/A	N/A	N/A	N/A	N/A	N/A	N/A	N/A
CKS1B	N/A	N/A	N/A	N/A	N/A	N/A	N/A	N/A	N/A	N/A
MAP2K3	N/A	N/A	N/A	N/A	N/A	N/A	N/A	N/A	N/A	N/A
TSC22D1	N/A	N/A	N/A	N/A	N/A	N/A	N/A	N/A	N/A	N/A
2,3,4,6,7,8-hexachlorodibenzofuran	N/A	N/A	N/A	N/A	N/A	N/A	N/A	N/A	N/A	N/A
butaprost	N/A	N/A	N/A	N/A	N/A	N/A	N/A	N/A	N/A	N/A
oleandrin	N/A	N/A	N/A	N/A	N/A	N/A	N/A	N/A	N/A	N/A
TPT1	N/A	N/A	N/A	N/A	N/A	N/A	N/A	N/A	N/A	N/A
Clec4a2	N/A	0.0	0.0	N/A	N/A	N/A	N/A	0.0	0.0	0.0
dai-kenchu-to	N/A	N/A	N/A	N/A	N/A	N/A	N/A	N/A	N/A	N/A
cytidylyl-3'-5'-guanosine	N/A	N/A	N/A	N/A	N/A	N/A	N/A	N/A	N/A	N/A
CSTB	N/A	N/A	N/A	N/A	N/A	N/A	N/A	N/A	N/A	N/A
NOX1	N/A	N/A	N/A	N/A	N/A	N/A	N/A	N/A	N/A	N/A
2-oxoadipic acid	N/A	N/A	N/A	N/A	N/A	N/A	N/A	N/A	N/A	N/A
HIBCH	N/A	N/A	N/A	N/A	N/A	N/A	N/A	N/A	N/A	N/A
CN585	N/A	N/A	N/A	N/A	N/A	N/A	N/A	N/A	N/A	N/A
LY96	N/A	N/A	N/A	N/A	N/A	N/A	N/A	N/A	N/A	N/A
batatasin I	N/A	N/A	N/A	N/A	N/A	N/A	N/A	N/A	N/A	N/A
BLVRA	N/A	N/A	N/A	N/A	N/A	N/A	N/A	N/A	N/A	N/A
DASA-58	N/A	N/A	N/A	N/A	N/A	N/A	N/A	N/A	N/A	N/A
serpin peptide 16	N/A	N/A	N/A	N/A	N/A	N/A	N/A	N/A	N/A	N/A
ODN-BW006	N/A	N/A	N/A	N/A	N/A	N/A	N/A	N/A	N/A	N/A
FKBP10	N/A	N/A	N/A	N/A	N/A	N/A	N/A	N/A	N/A	N/A
3-aminotriazole	N/A	N/A	N/A	N/A	N/A	N/A	N/A	N/A	N/A	N/A
NTRK2	N/A	N/A	N/A	N/A	N/A	N/A	N/A	N/A	N/A	N/A
GSK 650394	N/A	N/A	N/A	N/A	N/A	N/A	N/A	N/A	N/A	N/A
tyrphostin AG 127	N/A	N/A	N/A	N/A	N/A	N/A	N/A	N/A	N/A	N/A
CSNK1D	N/A	N/A	N/A	N/A	N/A	N/A	N/A	N/A	N/A	N/A
CREBBP	N/A	N/A	N/A	N/A	N/A	N/A	N/A	N/A	N/A	N/A
mir-124 (includes others)	N/A	N/A	N/A	N/A	N/A	N/A	N/A	N/A	N/A	N/A
TAK 733	N/A	N/A	N/A	N/A	N/A	N/A	N/A	N/A	N/A	N/A
PGF	N/A	N/A	N/A	N/A	N/A	N/A	N/A	N/A	N/A	N/A
dicarbethoxydihydrocollidine	N/A	N/A	N/A	N/A	N/A	N/A	N/A	N/A	N/A	N/A
prostaglandin J2	N/A	N/A	N/A	N/A	N/A	N/A	N/A	N/A	N/A	N/A
miR-214-5p (miRNAs w/seed GCCUGUC)	N/A	N/A	N/A	N/A	N/A	N/A	N/A	N/A	N/A	N/A
RUNX1:CBFB:CREBBP:CSF2 gene	N/A	N/A	N/A	N/A	N/A	N/A	N/A	N/A	N/A	N/A
WWOX	N/A	N/A	N/A	N/A	N/A	N/A	N/A	N/A	N/A	N/A
UBAC2	N/A	N/A	N/A	N/A	N/A	N/A	N/A	N/A	N/A	N/A
GNPAT	N/A	N/A	N/A	N/A	N/A	N/A	N/A	N/A	N/A	N/A
SD-282	N/A	N/A	N/A	N/A	N/A	N/A	N/A	N/A	N/A	N/A
imiquimod	N/A	N/A	N/A	N/A	N/A	N/A	N/A	N/A	N/A	N/A
FABP3	N/A	N/A	N/A	N/A	N/A	N/A	N/A	N/A	N/A	N/A
TO-901317	N/A	N/A	N/A	N/A	N/A	N/A	N/A	N/A	N/A	N/A
irsogladine	N/A	N/A	N/A	N/A	N/A	N/A	N/A	N/A	N/A	N/A
vitamin K1	N/A	N/A	N/A	N/A	N/A	N/A	N/A	N/A	N/A	N/A
SCTR	N/A	N/A	N/A	N/A	N/A	N/A	N/A	N/A	N/A	N/A
MACROH2A1	N/A	N/A	N/A	N/A	N/A	N/A	N/A	N/A	N/A	N/A
CACTIN	N/A	N/A	N/A	N/A	N/A	N/A	N/A	N/A	N/A	N/A
PTPN22	N/A	N/A	N/A	N/A	N/A	N/A	N/A	N/A	N/A	N/A
parthenolide	N/A	N/A	N/A	N/A	N/A	N/A	N/A	N/A	N/A	N/A
MYPN	N/A	N/A	N/A	N/A	N/A	N/A	N/A	N/A	N/A	N/A
MCC950	N/A	N/A	N/A	N/A	N/A	N/A	N/A	N/A	N/A	N/A
TNFRSF9	N/A	N/A	N/A	N/A	N/A	N/A	N/A	N/A	N/A	N/A
monensin	N/A	N/A	N/A	N/A	N/A	N/A	N/A	N/A	N/A	N/A
HSPA1B	N/A	N/A	N/A	N/A	N/A	N/A	N/A	N/A	N/A	N/A
ORC2	N/A	N/A	N/A	N/A	N/A	N/A	N/A	N/A	N/A	N/A
Abcb1a	N/A	N/A	N/A	N/A	N/A	N/A	N/A	N/A	N/A	N/A
BRD2	N/A	N/A	N/A	N/A	N/A	N/A	N/A	N/A	N/A	N/A
1-palmitoyl-2-arachidonyl-sn-glycero-3-phosphorylcholine	N/A	N/A	N/A	N/A	N/A	N/A	N/A	N/A	N/A	N/A
FNDC1	N/A	N/A	N/A	N/A	N/A	N/A	N/A	N/A	N/A	N/A
miR-181a-5p (and other miRNAs w/seed ACAUUCA)	N/A	N/A	N/A	N/A	N/A	N/A	N/A	N/A	N/A	N/A
Saa1/Saa2	N/A	N/A	N/A	N/A	N/A	N/A	N/A	N/A	N/A	N/A
NAAA	N/A	N/A	N/A	N/A	N/A	N/A	N/A	N/A	N/A	N/A
RX 77368	N/A	N/A	N/A	N/A	N/A	N/A	N/A	N/A	N/A	N/A
APPL1	N/A	N/A	N/A	N/A	N/A	N/A	N/A	N/A	N/A	N/A
15-hydroxyeicosatetraenoic acid	N/A	N/A	N/A	N/A	N/A	N/A	N/A	N/A	N/A	N/A
BARX2	N/A	N/A	N/A	N/A	N/A	N/A	N/A	N/A	N/A	N/A
arsenic	N/A	N/A	N/A	N/A	N/A	N/A	N/A	N/A	N/A	N/A
PAIP1	N/A	N/A	N/A	N/A	N/A	N/A	N/A	N/A	N/A	N/A
Ro3582	N/A	N/A	N/A	N/A	N/A	N/A	N/A	N/A	N/A	N/A
mir-25 (includes others)	N/A	N/A	N/A	N/A	N/A	N/A	N/A	N/A	N/A	N/A
EGLN1	N/A	N/A	N/A	N/A	N/A	N/A	N/A	N/A	N/A	N/A
glaucocalyxin A	N/A	N/A	N/A	N/A	N/A	N/A	N/A	N/A	N/A	N/A
vincristine	N/A	N/A	N/A	N/A	N/A	N/A	N/A	N/A	N/A	N/A
daunorubicin	N/A	N/A	N/A	N/A	N/A	N/A	N/A	N/A	N/A	N/A
CAY10397	N/A	N/A	N/A	N/A	N/A	N/A	N/A	N/A	N/A	N/A
HSPA5	N/A	N/A	N/A	N/A	N/A	N/A	N/A	N/A	N/A	N/A
lamivudine	N/A	N/A	N/A	N/A	N/A	N/A	N/A	N/A	N/A	N/A
enoxaparin	N/A	N/A	N/A	N/A	N/A	N/A	N/A	N/A	N/A	N/A
LIPG	N/A	N/A	N/A	N/A	N/A	N/A	N/A	N/A	N/A	N/A
MBNL2	N/A	N/A	N/A	N/A	N/A	N/A	N/A	N/A	N/A	N/A
MAPK10	N/A	N/A	N/A	N/A	N/A	N/A	N/A	N/A	N/A	N/A
HABP2	N/A	N/A	N/A	N/A	N/A	N/A	N/A	N/A	N/A	N/A
alpha-methylparatyrosine	N/A	N/A	N/A	N/A	N/A	N/A	N/A	N/A	N/A	N/A
CEACAM1	N/A	N/A	N/A	N/A	N/A	N/A	N/A	N/A	N/A	N/A
lintitript	N/A	N/A	N/A	N/A	N/A	N/A	N/A	N/A	N/A	N/A
AP1 (family)	N/A	N/A	N/A	N/A	N/A	N/A	N/A	N/A	N/A	N/A
RPS3	N/A	N/A	N/A	N/A	N/A	N/A	N/A	N/A	N/A	N/A
polaprezinc	N/A	N/A	N/A	N/A	N/A	N/A	N/A	N/A	N/A	N/A
broussoflavonol b	N/A	N/A	N/A	N/A	N/A	N/A	N/A	N/A	N/A	N/A
miR-338-3p (miRNAs w/seed CCAGCAU)	N/A	N/A	N/A	N/A	N/A	N/A	N/A	N/A	N/A	N/A
2,3,4,7,8-pentachlorodibenzofuran	N/A	N/A	N/A	N/A	N/A	N/A	N/A	N/A	N/A	N/A
QKI	N/A	N/A	N/A	N/A	N/A	N/A	N/A	N/A	N/A	N/A
IgG-opsonized ovalbumin	N/A	N/A	N/A	N/A	N/A	N/A	N/A	N/A	N/A	N/A
tubocapsanolide A	N/A	N/A	N/A	N/A	N/A	N/A	N/A	N/A	N/A	N/A
Integrin alpha V beta 3	N/A	N/A	N/A	N/A	N/A	N/A	N/A	N/A	N/A	N/A
17-epiestriol	N/A	N/A	N/A	N/A	N/A	N/A	N/A	N/A	N/A	N/A
phosphorylcholine	N/A	N/A	N/A	N/A	N/A	N/A	N/A	N/A	N/A	N/A
Complement	N/A	N/A	N/A	N/A	N/A	N/A	N/A	N/A	N/A	N/A
vigabatrin	N/A	N/A	N/A	N/A	N/A	N/A	N/A	N/A	N/A	N/A
DEFA1	N/A	N/A	N/A	N/A	N/A	N/A	N/A	N/A	N/A	N/A
GATA2-AS1	N/A	N/A	N/A	N/A	N/A	N/A	N/A	N/A	N/A	N/A
mir-361	N/A	N/A	N/A	N/A	N/A	N/A	N/A	N/A	N/A	N/A
2-(4-acetoxyphenyl)-2-chloro-N-methylethylamine	N/A	N/A	N/A	N/A	N/A	N/A	N/A	N/A	N/A	N/A
MUC19	N/A	N/A	N/A	N/A	N/A	N/A	N/A	N/A	N/A	N/A
mefunidone	N/A	N/A	N/A	N/A	N/A	N/A	N/A	N/A	N/A	N/A
CDK5R1	N/A	N/A	N/A	N/A	N/A	N/A	N/A	N/A	N/A	N/A
PAF1	N/A	N/A	N/A	N/A	N/A	N/A	N/A	N/A	N/A	N/A
SIRT1 inhibitor III	N/A	N/A	N/A	N/A	N/A	N/A	N/A	N/A	N/A	N/A
TNFRSF12A	N/A	N/A	N/A	N/A	N/A	N/A	N/A	N/A	N/A	N/A
HNF4G	N/A	N/A	N/A	N/A	N/A	N/A	N/A	N/A	N/A	N/A
Fibrin	N/A	N/A	N/A	N/A	N/A	N/A	N/A	N/A	N/A	N/A
MOG	N/A	N/A	N/A	N/A	N/A	N/A	N/A	N/A	N/A	N/A
miR-660-3p (miRNAs w/seed CCUCCUG)	N/A	N/A	N/A	N/A	N/A	N/A	N/A	N/A	N/A	N/A
MAP1B	N/A	N/A	N/A	N/A	N/A	N/A	N/A	N/A	N/A	N/A
schisandrin A	N/A	N/A	N/A	N/A	N/A	N/A	N/A	N/A	N/A	N/A
CCDC88A	N/A	N/A	N/A	N/A	N/A	N/A	N/A	N/A	N/A	N/A
PIK3R	N/A	N/A	N/A	N/A	N/A	N/A	N/A	N/A	N/A	N/A
HSPB2	N/A	N/A	N/A	N/A	N/A	N/A	N/A	N/A	N/A	N/A
ethionine	N/A	N/A	N/A	N/A	N/A	N/A	N/A	N/A	N/A	N/A
ascorbic acid	N/A	N/A	N/A	N/A	N/A	N/A	N/A	N/A	N/A	N/A
PLAT	N/A	N/A	N/A	N/A	N/A	N/A	N/A	N/A	N/A	N/A
MARCHF2	N/A	N/A	N/A	N/A	N/A	N/A	N/A	N/A	N/A	N/A
methyltestosterone	N/A	N/A	N/A	N/A	N/A	N/A	N/A	N/A	N/A	N/A
2-bromopalmitic acid	N/A	N/A	N/A	N/A	N/A	N/A	N/A	N/A	N/A	N/A
HSPA1A	N/A	N/A	N/A	N/A	N/A	N/A	N/A	N/A	N/A	N/A
FH535	N/A	N/A	N/A	N/A	N/A	N/A	N/A	N/A	N/A	N/A
olaparib	N/A	N/A	N/A	N/A	N/A	N/A	N/A	N/A	N/A	N/A
RGS10	N/A	N/A	N/A	N/A	N/A	N/A	N/A	N/A	N/A	N/A
triadimefon	N/A	N/A	N/A	N/A	N/A	N/A	N/A	N/A	N/A	N/A
deoxycorticosterone acetate/potassium chloride/sodium chloride	N/A	N/A	N/A	N/A	N/A	N/A	N/A	N/A	N/A	N/A
NDP	N/A	N/A	N/A	N/A	N/A	N/A	N/A	N/A	N/A	N/A
HNRNPU	N/A	N/A	N/A	N/A	N/A	N/A	N/A	N/A	N/A	N/A
thermozymocidin	N/A	N/A	N/A	N/A	N/A	N/A	N/A	N/A	N/A	N/A
SIX5	N/A	N/A	N/A	N/A	N/A	N/A	N/A	N/A	N/A	N/A
prinaberel	N/A	N/A	N/A	N/A	N/A	N/A	N/A	N/A	N/A	N/A
ouabain	N/A	N/A	N/A	N/A	N/A	N/A	N/A	N/A	N/A	N/A
cepharanthine	N/A	N/A	N/A	N/A	N/A	N/A	N/A	N/A	N/A	N/A
ICOSLG	N/A	N/A	N/A	N/A	N/A	N/A	N/A	N/A	N/A	N/A
2-furoyl-Leu-Ile-Gly-Arg-Leu-Orn-NH2	N/A	N/A	N/A	N/A	N/A	N/A	N/A	N/A	N/A	N/A
KDM6A	N/A	N/A	N/A	N/A	N/A	N/A	N/A	N/A	N/A	N/A
nickel	N/A	N/A	N/A	N/A	N/A	N/A	N/A	N/A	N/A	N/A
PNKD	N/A	N/A	N/A	N/A	N/A	N/A	N/A	N/A	N/A	N/A
SHARPIN	N/A	N/A	N/A	N/A	N/A	N/A	N/A	N/A	N/A	N/A
ginsenoside Rb1	N/A	N/A	N/A	N/A	N/A	N/A	N/A	N/A	N/A	N/A
N-omega-propyl-L-arginine	N/A	N/A	N/A	N/A	N/A	N/A	N/A	N/A	N/A	N/A
salvianolic acid A	N/A	N/A	N/A	N/A	N/A	N/A	N/A	N/A	N/A	N/A
SMPD3	N/A	N/A	N/A	N/A	N/A	N/A	N/A	N/A	N/A	N/A
OSCAR	N/A	N/A	N/A	N/A	N/A	N/A	N/A	N/A	N/A	N/A
MPRIP	N/A	N/A	N/A	N/A	N/A	N/A	N/A	N/A	N/A	N/A
pinaverium	N/A	N/A	N/A	N/A	N/A	N/A	N/A	N/A	N/A	N/A
MMP14	N/A	N/A	N/A	N/A	N/A	N/A	N/A	N/A	N/A	N/A
GNAI3	N/A	N/A	N/A	N/A	N/A	N/A	N/A	N/A	N/A	N/A
SLFN12	N/A	N/A	N/A	N/A	N/A	N/A	N/A	N/A	N/A	N/A
allicin	N/A	N/A	N/A	N/A	N/A	N/A	N/A	N/A	N/A	N/A
LPCAT3	N/A	N/A	N/A	N/A	N/A	N/A	N/A	N/A	N/A	N/A
CAY10585	N/A	N/A	N/A	N/A	N/A	N/A	N/A	N/A	N/A	N/A
BIRC2	N/A	N/A	N/A	N/A	N/A	N/A	N/A	N/A	N/A	N/A
RAC2	N/A	N/A	N/A	N/A	N/A	N/A	N/A	N/A	N/A	N/A
alpha-ketoglutaramate	N/A	N/A	N/A	N/A	N/A	N/A	N/A	N/A	N/A	N/A
tacrine	N/A	N/A	N/A	N/A	N/A	N/A	N/A	N/A	N/A	N/A
Pbld1	N/A	N/A	N/A	N/A	N/A	N/A	N/A	N/A	N/A	N/A
GRM4	N/A	N/A	N/A	N/A	N/A	N/A	N/A	N/A	N/A	N/A
BPI	N/A	N/A	N/A	N/A	N/A	N/A	N/A	N/A	N/A	N/A
KIF5B-ALK	N/A	N/A	N/A	N/A	N/A	N/A	N/A	N/A	N/A	N/A
RBP1	N/A	N/A	N/A	N/A	N/A	N/A	N/A	N/A	N/A	N/A
rotenone	N/A	N/A	N/A	N/A	N/A	N/A	N/A	N/A	N/A	N/A
angelicin	N/A	N/A	N/A	N/A	N/A	N/A	N/A	N/A	N/A	N/A
J11-Cl	N/A	N/A	N/A	N/A	N/A	N/A	N/A	N/A	N/A	N/A
10-(6'-plastoquinonyl)decyltriphenylphosphonium	N/A	N/A	N/A	N/A	N/A	N/A	N/A	N/A	N/A	N/A
MYOD1	N/A	N/A	N/A	N/A	N/A	N/A	N/A	N/A	N/A	N/A
NCOR2	N/A	N/A	N/A	N/A	N/A	N/A	N/A	N/A	N/A	N/A
CREB	N/A	N/A	N/A	N/A	N/A	N/A	N/A	N/A	N/A	N/A
MED21	N/A	N/A	N/A	N/A	N/A	N/A	N/A	N/A	N/A	N/A
mitoxantrone	N/A	N/A	N/A	N/A	N/A	N/A	N/A	N/A	N/A	N/A
FOXH1	N/A	N/A	N/A	N/A	N/A	N/A	N/A	N/A	N/A	N/A
USP17L2	N/A	N/A	N/A	N/A	N/A	N/A	N/A	N/A	N/A	N/A
ingenol-dibenzoate	N/A	N/A	N/A	N/A	N/A	N/A	N/A	N/A	N/A	N/A
SIRT	N/A	N/A	N/A	N/A	N/A	N/A	N/A	N/A	N/A	N/A
PAX2	N/A	N/A	N/A	N/A	N/A	N/A	N/A	N/A	N/A	N/A
3-(p-methoxy)phenyl-1,4-benzoxazine	N/A	N/A	N/A	N/A	N/A	N/A	N/A	N/A	N/A	N/A
FEM1A	N/A	N/A	N/A	N/A	N/A	N/A	N/A	N/A	N/A	N/A
N-3-butanoyl-DL-homoserine lactone	N/A	N/A	N/A	N/A	N/A	N/A	N/A	N/A	N/A	N/A
L-proline	N/A	N/A	N/A	N/A	N/A	N/A	N/A	N/A	N/A	N/A
VX 702	N/A	N/A	N/A	N/A	N/A	N/A	N/A	N/A	N/A	N/A
HDAC6	N/A	N/A	N/A	N/A	N/A	N/A	N/A	N/A	N/A	N/A
sodium alum	N/A	N/A	N/A	N/A	N/A	N/A	N/A	N/A	N/A	N/A
WAS	N/A	N/A	N/A	N/A	N/A	N/A	N/A	N/A	N/A	N/A
Gm20703	N/A	N/A	N/A	N/A	N/A	N/A	N/A	N/A	N/A	N/A
NLRP6	N/A	N/A	N/A	N/A	N/A	N/A	N/A	N/A	N/A	N/A
blinatumomab	N/A	N/A	N/A	N/A	N/A	N/A	N/A	N/A	N/A	N/A
PFKFB3	N/A	N/A	N/A	N/A	N/A	N/A	N/A	N/A	N/A	N/A
lacidipine	N/A	N/A	N/A	N/A	N/A	N/A	N/A	N/A	N/A	N/A
CRT-0066101	N/A	N/A	N/A	N/A	N/A	N/A	N/A	N/A	N/A	N/A
ZNF384	N/A	N/A	N/A	N/A	N/A	N/A	N/A	N/A	N/A	N/A
4-oxo-2-nonenal	N/A	N/A	N/A	N/A	N/A	N/A	N/A	N/A	N/A	N/A
integrin α	N/A	N/A	N/A	N/A	N/A	N/A	N/A	N/A	N/A	N/A
ascaridole	N/A	N/A	N/A	N/A	N/A	N/A	N/A	N/A	N/A	N/A
TIRAP	N/A	N/A	N/A	N/A	N/A	N/A	N/A	N/A	N/A	N/A
USP18	N/A	N/A	N/A	N/A	N/A	N/A	N/A	N/A	N/A	N/A
dimethyl itaconate	N/A	N/A	N/A	N/A	N/A	N/A	N/A	N/A	N/A	N/A
DLX3	N/A	N/A	N/A	N/A	N/A	N/A	N/A	N/A	N/A	N/A
MARCHF1	N/A	N/A	N/A	N/A	N/A	N/A	N/A	N/A	N/A	N/A
IFNA1/IFNA13	N/A	N/A	N/A	N/A	N/A	N/A	N/A	N/A	N/A	N/A
LPAR2	N/A	N/A	N/A	N/A	N/A	N/A	N/A	N/A	N/A	N/A
ZIC2	N/A	N/A	N/A	N/A	N/A	N/A	N/A	N/A	N/A	N/A
ATF6	N/A	N/A	N/A	N/A	N/A	N/A	N/A	N/A	N/A	N/A
MED13L	N/A	N/A	N/A	N/A	N/A	N/A	N/A	N/A	N/A	N/A
Hbb	N/A	N/A	N/A	N/A	N/A	N/A	N/A	N/A	N/A	N/A
myristoylated PKC-zeta pseudosubstrate peptide inhibitor	N/A	N/A	N/A	N/A	N/A	N/A	N/A	N/A	N/A	N/A
G-1	N/A	N/A	N/A	N/A	N/A	N/A	N/A	N/A	N/A	N/A
mitapivat	N/A	N/A	N/A	N/A	N/A	N/A	N/A	N/A	N/A	N/A
NCR3	N/A	N/A	N/A	N/A	N/A	N/A	N/A	N/A	N/A	N/A
ficusin	N/A	N/A	N/A	N/A	N/A	N/A	N/A	N/A	N/A	N/A
mir-379 (includes others)	N/A	N/A	N/A	N/A	N/A	N/A	N/A	N/A	N/A	N/A
CARD11	N/A	N/A	N/A	N/A	N/A	N/A	N/A	N/A	N/A	N/A
diphenylthiohydantoin	N/A	N/A	N/A	N/A	N/A	N/A	N/A	N/A	N/A	N/A
SF1	N/A	N/A	N/A	N/A	N/A	N/A	N/A	N/A	N/A	N/A
beractant	N/A	N/A	N/A	N/A	N/A	N/A	N/A	N/A	N/A	N/A
RAG2	N/A	N/A	N/A	N/A	N/A	N/A	N/A	N/A	N/A	N/A
MLX	N/A	N/A	N/A	N/A	N/A	N/A	N/A	N/A	N/A	N/A
10-nitrooleate	N/A	N/A	N/A	N/A	N/A	N/A	N/A	N/A	N/A	N/A
N-ethyl-N-nitrosourea	N/A	N/A	N/A	N/A	N/A	N/A	N/A	N/A	N/A	N/A
CARD18	N/A	N/A	N/A	N/A	N/A	N/A	N/A	N/A	N/A	N/A
DUSP2	N/A	N/A	N/A	N/A	N/A	N/A	N/A	N/A	N/A	N/A
triamterene	N/A	N/A	N/A	N/A	N/A	N/A	N/A	N/A	N/A	N/A
SPIN1	N/A	N/A	N/A	N/A	N/A	N/A	N/A	N/A	N/A	N/A
NKX2-8	N/A	N/A	N/A	N/A	N/A	N/A	N/A	N/A	N/A	N/A
ethylenediaminetetraacetic acid	N/A	N/A	N/A	N/A	N/A	N/A	N/A	N/A	N/A	N/A
TRIM45	N/A	N/A	N/A	N/A	N/A	N/A	N/A	N/A	N/A	N/A
Iberiotoxin	N/A	N/A	N/A	N/A	N/A	N/A	N/A	N/A	N/A	N/A
C1QTNF12	N/A	N/A	N/A	N/A	N/A	N/A	N/A	N/A	N/A	N/A
LMK-235	N/A	N/A	N/A	N/A	N/A	N/A	N/A	N/A	N/A	N/A
3-bromo-2-(4-hydroxyphenyl)indazol-5-ol	N/A	N/A	N/A	N/A	N/A	N/A	N/A	N/A	N/A	N/A
CLEC4G	N/A	N/A	N/A	N/A	N/A	N/A	N/A	N/A	N/A	N/A
IL3R	N/A	N/A	N/A	N/A	N/A	N/A	N/A	N/A	N/A	N/A
CRH	N/A	N/A	N/A	N/A	N/A	N/A	N/A	N/A	N/A	N/A
L-threo-safingol	N/A	N/A	N/A	N/A	N/A	N/A	N/A	N/A	N/A	N/A
LRP6	N/A	N/A	N/A	N/A	N/A	N/A	N/A	N/A	N/A	N/A
KLK10	N/A	N/A	N/A	N/A	N/A	N/A	N/A	N/A	N/A	N/A
LILRA5	N/A	N/A	N/A	N/A	N/A	N/A	N/A	N/A	N/A	N/A
SPATA2	N/A	N/A	N/A	N/A	N/A	N/A	N/A	N/A	N/A	N/A
IRAK4	N/A	N/A	N/A	N/A	N/A	N/A	N/A	N/A	N/A	N/A
tenofovir disoproxil	N/A	N/A	N/A	N/A	N/A	N/A	N/A	N/A	N/A	N/A
ITGA1	N/A	N/A	N/A	N/A	N/A	N/A	N/A	N/A	N/A	N/A
Hyaluronidase	N/A	N/A	N/A	N/A	N/A	N/A	N/A	N/A	N/A	N/A
phytoestrogen	N/A	N/A	N/A	N/A	N/A	N/A	N/A	N/A	N/A	N/A
resolvin D2	N/A	N/A	N/A	N/A	N/A	N/A	N/A	N/A	N/A	N/A
MTTP	N/A	N/A	N/A	N/A	N/A	N/A	N/A	N/A	N/A	N/A
ITGA4	N/A	N/A	N/A	N/A	N/A	N/A	N/A	N/A	N/A	N/A
hydroxyflutamide	N/A	N/A	N/A	N/A	N/A	N/A	N/A	N/A	N/A	N/A
PRC2	N/A	N/A	N/A	N/A	N/A	N/A	N/A	N/A	N/A	N/A
CALM3	N/A	N/A	N/A	N/A	N/A	N/A	N/A	N/A	N/A	N/A
flupenthixol	N/A	N/A	N/A	N/A	N/A	N/A	N/A	N/A	N/A	N/A
mir-10 (includes others)	N/A	N/A	N/A	N/A	N/A	N/A	N/A	N/A	N/A	N/A
chitin	N/A	N/A	N/A	N/A	N/A	N/A	N/A	N/A	N/A	N/A
STMP1	N/A	N/A	N/A	N/A	N/A	N/A	N/A	N/A	N/A	N/A
theaflavin	N/A	N/A	N/A	N/A	N/A	N/A	N/A	N/A	N/A	N/A
ricinoleic acid	N/A	N/A	N/A	N/A	N/A	N/A	N/A	N/A	N/A	N/A
NECTIN1	N/A	N/A	N/A	N/A	N/A	N/A	N/A	N/A	N/A	N/A
CCL20	N/A	N/A	N/A	N/A	N/A	N/A	N/A	N/A	N/A	N/A
MIA-313	N/A	N/A	N/A	N/A	N/A	N/A	N/A	N/A	N/A	N/A
ARHGEF2	N/A	N/A	N/A	N/A	N/A	N/A	N/A	N/A	N/A	N/A
LITAF	N/A	N/A	N/A	N/A	N/A	N/A	N/A	N/A	N/A	N/A
NDUFAF3	N/A	N/A	N/A	N/A	N/A	N/A	N/A	N/A	N/A	N/A
diphosphoryl lipid A	N/A	N/A	N/A	N/A	N/A	N/A	N/A	N/A	N/A	N/A
ADP	N/A	N/A	N/A	N/A	N/A	N/A	N/A	N/A	N/A	N/A
WNT7A	N/A	N/A	N/A	N/A	N/A	N/A	N/A	N/A	N/A	N/A
LDL/cholesterol	N/A	N/A	N/A	N/A	N/A	N/A	N/A	N/A	N/A	N/A
BCL2A1	N/A	N/A	N/A	N/A	N/A	N/A	N/A	N/A	N/A	N/A
TRPV4	N/A	N/A	N/A	N/A	N/A	N/A	N/A	N/A	N/A	N/A
cerulenin	N/A	N/A	N/A	N/A	N/A	N/A	N/A	N/A	N/A	N/A
TRIM3	N/A	N/A	N/A	N/A	N/A	N/A	N/A	N/A	N/A	N/A
carrageenan	N/A	N/A	N/A	N/A	N/A	N/A	N/A	N/A	N/A	N/A
RSC1A1	N/A	N/A	N/A	N/A	N/A	N/A	N/A	N/A	N/A	N/A
RASSF5	N/A	N/A	N/A	N/A	N/A	N/A	N/A	N/A	N/A	N/A
apicidin	N/A	N/A	N/A	N/A	N/A	N/A	N/A	N/A	N/A	N/A
PELP1	N/A	N/A	N/A	N/A	N/A	N/A	N/A	N/A	N/A	N/A
CNOT6	N/A	N/A	N/A	N/A	N/A	N/A	N/A	N/A	N/A	N/A
LGALS9	N/A	N/A	N/A	N/A	N/A	N/A	N/A	N/A	N/A	N/A
leukotriene D4	N/A	N/A	N/A	N/A	N/A	N/A	N/A	N/A	N/A	N/A
sesamol	N/A	N/A	N/A	N/A	N/A	N/A	N/A	N/A	N/A	N/A
CDK19	N/A	N/A	N/A	N/A	N/A	N/A	N/A	N/A	N/A	N/A
GZMA	N/A	N/A	N/A	N/A	N/A	N/A	N/A	N/A	N/A	N/A
APTX	N/A	N/A	N/A	N/A	N/A	N/A	N/A	N/A	N/A	N/A
U73122	N/A	N/A	N/A	N/A	N/A	N/A	N/A	N/A	N/A	N/A
LBP	N/A	N/A	N/A	N/A	N/A	N/A	N/A	N/A	N/A	N/A
PIWIL2	N/A	N/A	N/A	N/A	N/A	N/A	N/A	N/A	N/A	N/A
triamcinolone hexacetonide	N/A	N/A	N/A	N/A	N/A	N/A	N/A	N/A	N/A	N/A
poly dA-dT	N/A	N/A	N/A	N/A	N/A	N/A	N/A	N/A	N/A	N/A
PON2	N/A	N/A	N/A	N/A	N/A	N/A	N/A	N/A	N/A	N/A
ASC/CASP1/NALP3	N/A	N/A	N/A	N/A	N/A	N/A	N/A	N/A	N/A	N/A
AGI-1067	N/A	N/A	N/A	N/A	N/A	N/A	N/A	N/A	N/A	N/A
DCN	N/A	N/A	N/A	N/A	N/A	N/A	N/A	N/A	N/A	N/A
PRLH	N/A	N/A	N/A	N/A	N/A	N/A	N/A	N/A	N/A	N/A
MKK3/6	N/A	N/A	N/A	N/A	N/A	N/A	N/A	N/A	N/A	N/A
GNA15	N/A	N/A	N/A	N/A	N/A	N/A	N/A	N/A	N/A	N/A
GBP5	N/A	N/A	N/A	N/A	N/A	N/A	N/A	N/A	N/A	N/A
BATF3	N/A	N/A	N/A	N/A	N/A	N/A	N/A	N/A	N/A	N/A
hemozoin	N/A	N/A	N/A	N/A	N/A	N/A	N/A	N/A	N/A	N/A
Clec4n	N/A	N/A	N/A	N/A	N/A	N/A	N/A	N/A	N/A	N/A
USP48	N/A	N/A	N/A	N/A	N/A	N/A	N/A	N/A	N/A	N/A
filgotinib	N/A	N/A	N/A	N/A	N/A	N/A	N/A	N/A	N/A	N/A
TYR	N/A	N/A	N/A	N/A	N/A	N/A	N/A	N/A	N/A	N/A
GBP1	N/A	N/A	N/A	N/A	N/A	N/A	N/A	N/A	N/A	N/A
CD8B	N/A	N/A	N/A	N/A	N/A	N/A	N/A	N/A	N/A	N/A
5Z-7-oxo-zeaenol	N/A	N/A	N/A	N/A	N/A	N/A	N/A	N/A	N/A	N/A
SENP5	N/A	N/A	N/A	N/A	N/A	N/A	N/A	N/A	N/A	N/A
moringa oleifera aqueous seed extract	N/A	N/A	N/A	N/A	N/A	N/A	N/A	N/A	N/A	N/A
1-palmitoyl-2-oleoylglycero-3-phosphoglycerol	N/A	N/A	N/A	N/A	N/A	N/A	N/A	N/A	N/A	N/A
DCB 3503	N/A	N/A	N/A	N/A	N/A	N/A	N/A	N/A	N/A	N/A
MST1R	N/A	N/A	N/A	N/A	N/A	N/A	N/A	N/A	N/A	N/A
MAPK15	N/A	N/A	N/A	N/A	N/A	N/A	N/A	N/A	N/A	N/A
RAP1B	N/A	N/A	N/A	N/A	N/A	N/A	N/A	N/A	N/A	N/A
H4c14	N/A	N/A	N/A	N/A	N/A	N/A	N/A	N/A	N/A	N/A
GPR4	N/A	N/A	N/A	N/A	N/A	N/A	N/A	N/A	N/A	N/A
BID	N/A	N/A	N/A	N/A	N/A	N/A	N/A	N/A	N/A	N/A
KIRA6	N/A	N/A	N/A	N/A	N/A	N/A	N/A	N/A	N/A	N/A
NOX4	N/A	N/A	N/A	N/A	N/A	N/A	N/A	N/A	N/A	N/A
thioinosine	N/A	N/A	N/A	N/A	N/A	N/A	N/A	N/A	N/A	N/A
BCL2L11	N/A	N/A	N/A	N/A	N/A	N/A	N/A	N/A	N/A	N/A
TIGAR	N/A	N/A	N/A	N/A	N/A	N/A	N/A	N/A	N/A	N/A
aspergillus beta-glucan	N/A	N/A	N/A	N/A	N/A	N/A	N/A	N/A	N/A	N/A
borrelia burgdorferi strain B31 peptidoglycan	N/A	N/A	N/A	N/A	N/A	N/A	N/A	N/A	N/A	N/A
cobimetinib	N/A	N/A	N/A	N/A	N/A	N/A	N/A	N/A	N/A	N/A
SGK3	N/A	N/A	N/A	N/A	N/A	N/A	N/A	N/A	N/A	N/A
manidipine	N/A	N/A	N/A	N/A	N/A	N/A	N/A	N/A	N/A	N/A
AcPhe(ornithine-Pro-cyclohexylamine-Trp-Arg)	N/A	N/A	N/A	N/A	N/A	N/A	N/A	N/A	N/A	N/A
TMEM79	N/A	N/A	N/A	N/A	N/A	N/A	N/A	N/A	N/A	N/A
P2R	N/A	N/A	N/A	N/A	N/A	N/A	N/A	N/A	N/A	N/A
SLC7A2	N/A	N/A	N/A	N/A	N/A	N/A	N/A	N/A	N/A	N/A
13-hydroxyoctadecadienoic acid	N/A	N/A	N/A	N/A	N/A	N/A	N/A	N/A	N/A	N/A
UBE3A	N/A	N/A	N/A	N/A	N/A	N/A	N/A	N/A	N/A	N/A
DRD2	N/A	N/A	N/A	N/A	N/A	N/A	N/A	N/A	N/A	N/A
xanthohumol	N/A	N/A	N/A	N/A	N/A	N/A	N/A	N/A	N/A	N/A
RAC	N/A	N/A	N/A	N/A	N/A	N/A	N/A	N/A	N/A	N/A
PALMD	N/A	N/A	N/A	N/A	N/A	N/A	N/A	N/A	N/A	N/A
senexin B	N/A	N/A	N/A	N/A	N/A	N/A	N/A	N/A	N/A	N/A
XMD 8-92	N/A	N/A	N/A	N/A	N/A	N/A	N/A	N/A	N/A	N/A
basic calcium phosphate crystal	N/A	N/A	N/A	N/A	N/A	N/A	N/A	N/A	N/A	N/A
CNTFR	N/A	N/A	N/A	N/A	N/A	N/A	N/A	N/A	N/A	N/A
TRPM2	N/A	N/A	N/A	N/A	N/A	N/A	N/A	N/A	N/A	N/A
RNF138	N/A	N/A	N/A	N/A	N/A	N/A	N/A	N/A	N/A	N/A
benfotiamine	N/A	N/A	N/A	N/A	N/A	N/A	N/A	N/A	N/A	N/A
CARD8	N/A	N/A	N/A	N/A	N/A	N/A	N/A	N/A	N/A	N/A
RTKN	N/A	N/A	N/A	N/A	N/A	N/A	N/A	N/A	N/A	N/A
C1QL3	N/A	N/A	N/A	N/A	N/A	N/A	N/A	N/A	N/A	N/A
gemcitabine	N/A	N/A	N/A	N/A	N/A	N/A	N/A	N/A	N/A	N/A
p38 MAP kinase inhibitor V	N/A	N/A	N/A	N/A	N/A	N/A	N/A	N/A	N/A	N/A
NCF1	N/A	N/A	N/A	N/A	N/A	N/A	N/A	N/A	N/A	N/A
S100B	N/A	N/A	N/A	N/A	N/A	N/A	N/A	N/A	N/A	N/A
levonorgestrel	N/A	N/A	N/A	N/A	N/A	N/A	N/A	N/A	N/A	N/A
STS	N/A	N/A	N/A	N/A	N/A	N/A	N/A	N/A	N/A	N/A
RMST	N/A	N/A	N/A	N/A	N/A	N/A	N/A	N/A	N/A	N/A
TMPO-AS1	N/A	N/A	N/A	N/A	N/A	N/A	N/A	N/A	N/A	N/A
pycnogenols	N/A	N/A	N/A	N/A	N/A	N/A	N/A	N/A	N/A	N/A
MTDH	N/A	N/A	N/A	N/A	N/A	N/A	N/A	N/A	N/A	N/A
ABCA1	N/A	N/A	N/A	N/A	N/A	N/A	N/A	N/A	N/A	N/A
INT-767	N/A	N/A	N/A	N/A	N/A	N/A	N/A	N/A	N/A	N/A
YWHAZ	N/A	N/A	N/A	N/A	N/A	N/A	N/A	N/A	N/A	N/A
carvedilol	N/A	N/A	N/A	N/A	N/A	N/A	N/A	N/A	N/A	N/A
MED7	N/A	N/A	N/A	N/A	N/A	N/A	N/A	N/A	N/A	N/A
cyclosporin	N/A	N/A	N/A	N/A	N/A	N/A	N/A	N/A	N/A	N/A
medroxyprogesterone acetate	N/A	N/A	N/A	N/A	N/A	N/A	N/A	N/A	0.0	N/A
AMBRA1	N/A	N/A	N/A	N/A	N/A	N/A	N/A	N/A	N/A	N/A
ERVW-1	N/A	N/A	N/A	N/A	N/A	N/A	N/A	N/A	N/A	N/A
MARCHF3	N/A	N/A	N/A	N/A	N/A	N/A	N/A	N/A	N/A	N/A
letrozole	N/A	N/A	N/A	N/A	N/A	N/A	N/A	N/A	N/A	N/A
mir-296	N/A	N/A	N/A	N/A	N/A	N/A	N/A	N/A	N/A	N/A
THZ2	N/A	N/A	N/A	N/A	N/A	N/A	N/A	N/A	N/A	N/A
EPCAM	N/A	N/A	N/A	N/A	N/A	N/A	N/A	N/A	N/A	N/A
eritoran	N/A	N/A	N/A	N/A	N/A	N/A	N/A	N/A	N/A	N/A
naringenin	N/A	N/A	N/A	N/A	N/A	N/A	N/A	N/A	N/A	N/A
EIF2AK4	N/A	N/A	N/A	N/A	N/A	N/A	N/A	N/A	N/A	N/A
UPF2	N/A	N/A	N/A	N/A	N/A	N/A	N/A	N/A	N/A	N/A
RAB27B	N/A	N/A	N/A	N/A	N/A	N/A	N/A	N/A	N/A	N/A
irbesartan	N/A	N/A	N/A	N/A	N/A	N/A	N/A	N/A	N/A	N/A
fludarabine	N/A	N/A	N/A	N/A	N/A	N/A	N/A	N/A	N/A	N/A
WNT2B	N/A	N/A	N/A	N/A	N/A	N/A	N/A	N/A	N/A	N/A
CCL19	N/A	N/A	N/A	N/A	N/A	N/A	N/A	N/A	N/A	N/A
spermine nitric oxide complex	N/A	N/A	N/A	N/A	N/A	N/A	N/A	N/A	N/A	N/A
HOXA10	N/A	0.0	0.0	N/A	N/A	N/A	N/A	0.0	N/A	N/A
KN 93	N/A	N/A	N/A	N/A	N/A	N/A	N/A	N/A	N/A	N/A
imidazolo-oxindole PKR inhibitor C16	N/A	N/A	N/A	N/A	N/A	N/A	N/A	N/A	N/A	N/A
tetrahydropalmatine	N/A	N/A	N/A	N/A	N/A	N/A	N/A	N/A	N/A	N/A
nystatin	N/A	N/A	N/A	N/A	N/A	N/A	N/A	N/A	N/A	N/A
octyl gallate	N/A	N/A	N/A	N/A	N/A	N/A	N/A	N/A	N/A	N/A
TPCA-1	N/A	N/A	N/A	N/A	N/A	N/A	N/A	N/A	N/A	N/A
ACVR1	N/A	N/A	N/A	N/A	N/A	N/A	N/A	N/A	N/A	N/A
UBE2L3	N/A	N/A	N/A	N/A	N/A	N/A	N/A	N/A	N/A	N/A
S1PR3	N/A	N/A	N/A	N/A	N/A	N/A	N/A	N/A	N/A	N/A
PTPN6	N/A	N/A	N/A	N/A	N/A	N/A	N/A	N/A	N/A	N/A
CLEC14A	N/A	N/A	N/A	N/A	N/A	N/A	N/A	N/A	N/A	N/A
MEFV	N/A	N/A	N/A	N/A	N/A	N/A	N/A	N/A	N/A	N/A
ZIC1	N/A	N/A	N/A	N/A	N/A	N/A	N/A	N/A	N/A	N/A
CD3D	N/A	N/A	N/A	N/A	N/A	N/A	N/A	N/A	N/A	N/A
coenzyme Q10	N/A	N/A	N/A	N/A	N/A	N/A	N/A	N/A	N/A	N/A
ifosfamide	N/A	N/A	N/A	N/A	N/A	N/A	N/A	N/A	N/A	N/A
CBL0137	N/A	N/A	N/A	N/A	N/A	N/A	N/A	N/A	N/A	N/A
lactosylceramide	N/A	N/A	N/A	N/A	N/A	N/A	N/A	N/A	N/A	N/A
miR-483-5p (miRNAs w/seed AGACGGG)	N/A	N/A	N/A	N/A	N/A	N/A	N/A	N/A	N/A	N/A
EGFL7	N/A	N/A	N/A	N/A	N/A	N/A	N/A	N/A	N/A	N/A
UMP	N/A	N/A	N/A	N/A	N/A	N/A	N/A	N/A	N/A	N/A
ACTN4	N/A	N/A	N/A	N/A	N/A	N/A	N/A	N/A	N/A	N/A
ITGAV	N/A	N/A	N/A	N/A	N/A	N/A	N/A	N/A	N/A	N/A
CASZ1	N/A	N/A	N/A	N/A	N/A	N/A	N/A	N/A	N/A	N/A
HOXC6	N/A	N/A	N/A	N/A	N/A	N/A	N/A	N/A	N/A	N/A
HNRNPA2B1	N/A	N/A	N/A	N/A	N/A	N/A	N/A	N/A	N/A	N/A
RAB7A	N/A	N/A	N/A	N/A	N/A	N/A	N/A	N/A	N/A	N/A
LDN-193189	N/A	N/A	N/A	N/A	N/A	N/A	N/A	N/A	N/A	N/A
protein phosphatase	N/A	N/A	N/A	N/A	N/A	N/A	N/A	N/A	N/A	N/A
NF279	N/A	N/A	N/A	N/A	N/A	N/A	N/A	N/A	N/A	N/A
9-palmitic acid hydroxy stearic acid	N/A	N/A	N/A	N/A	N/A	N/A	N/A	N/A	N/A	N/A
1,2,3,4,6,7,8-heptachlorodibenzo-p-dioxin	N/A	N/A	N/A	N/A	N/A	N/A	N/A	N/A	N/A	N/A
terpinen-4-ol	N/A	N/A	N/A	N/A	N/A	N/A	N/A	N/A	N/A	N/A
LGI1	N/A	N/A	N/A	N/A	N/A	N/A	N/A	N/A	N/A	N/A
vinpocetine	N/A	N/A	N/A	N/A	N/A	N/A	N/A	N/A	N/A	N/A
sofalcone	N/A	N/A	N/A	N/A	N/A	N/A	N/A	N/A	N/A	N/A
GHR	N/A	N/A	N/A	N/A	N/A	N/A	N/A	N/A	N/A	N/A
neocuproine	N/A	N/A	N/A	N/A	N/A	N/A	N/A	N/A	N/A	N/A
SERPINA4	N/A	N/A	N/A	N/A	N/A	N/A	N/A	N/A	N/A	N/A
TRIM55	N/A	N/A	N/A	N/A	N/A	N/A	N/A	N/A	N/A	N/A
KT 5926	N/A	N/A	N/A	N/A	N/A	N/A	N/A	N/A	N/A	N/A
semaxinib	N/A	N/A	N/A	N/A	N/A	N/A	N/A	N/A	N/A	N/A
P-TEFb	N/A	N/A	N/A	N/A	N/A	N/A	N/A	N/A	N/A	N/A
PRTN3	N/A	N/A	N/A	N/A	N/A	N/A	N/A	N/A	N/A	N/A
LRRC26	N/A	N/A	N/A	N/A	N/A	N/A	N/A	N/A	N/A	N/A
dibutyryl cGMP	N/A	N/A	N/A	N/A	N/A	N/A	N/A	N/A	N/A	N/A
pegylated leptin antagonist	N/A	N/A	N/A	N/A	N/A	N/A	N/A	N/A	N/A	N/A
tolrestat	N/A	N/A	N/A	N/A	N/A	N/A	N/A	N/A	N/A	N/A
particulate matter	N/A	N/A	N/A	N/A	N/A	N/A	N/A	N/A	N/A	N/A
PBRM1	N/A	N/A	N/A	N/A	N/A	N/A	N/A	N/A	N/A	N/A
4-(4-(3-(4-trifluoromethoxy-phenyl)ureido)cyclohexyloxy)benzoic acid	N/A	N/A	N/A	N/A	N/A	N/A	N/A	N/A	N/A	N/A
dioctyl adipate	N/A	N/A	N/A	N/A	N/A	N/A	N/A	N/A	N/A	N/A
5R,11R-diethyl-5,6,11,12-tetrahydrochrysene-2,8-diol	N/A	N/A	N/A	N/A	N/A	N/A	N/A	N/A	N/A	N/A
ATAT1	N/A	N/A	N/A	N/A	N/A	N/A	N/A	N/A	N/A	N/A
CBLC	N/A	N/A	N/A	N/A	N/A	N/A	N/A	N/A	N/A	N/A
AP2	N/A	N/A	N/A	N/A	N/A	N/A	N/A	N/A	N/A	N/A
CFB	N/A	N/A	N/A	N/A	N/A	N/A	N/A	N/A	N/A	N/A
indican	N/A	N/A	N/A	N/A	N/A	N/A	N/A	N/A	N/A	N/A
miR-556-5p (miRNAs w/seed AUGAGCU)	N/A	N/A	N/A	N/A	N/A	N/A	N/A	N/A	N/A	N/A
manumycin A	N/A	N/A	N/A	N/A	N/A	N/A	N/A	N/A	N/A	N/A
TGAL copolymer	N/A	N/A	N/A	N/A	N/A	N/A	N/A	N/A	N/A	N/A
HSPG	N/A	N/A	N/A	N/A	N/A	N/A	N/A	N/A	N/A	N/A
N-(3-(aminomethyl)benzyl)acetamidine	N/A	N/A	N/A	N/A	N/A	N/A	N/A	N/A	N/A	N/A
diphtheria toxin	N/A	N/A	N/A	N/A	N/A	N/A	N/A	N/A	N/A	N/A
miR-217-5p (and other miRNAs w/seed ACUGCAU)	N/A	N/A	N/A	N/A	N/A	N/A	N/A	N/A	N/A	N/A
alendronic acid	N/A	N/A	N/A	N/A	N/A	N/A	N/A	N/A	N/A	N/A
VCP	N/A	N/A	N/A	N/A	N/A	N/A	N/A	N/A	N/A	N/A
CL 316243	N/A	N/A	N/A	N/A	N/A	N/A	N/A	N/A	N/A	N/A
Rhodobacter sphaeroides lipopolysaccharide	N/A	N/A	N/A	N/A	N/A	N/A	N/A	N/A	N/A	N/A
teprotumumab	N/A	N/A	N/A	N/A	N/A	N/A	N/A	N/A	N/A	N/A
miR-4728-3p (miRNAs w/seed AUGCUGA)	N/A	N/A	N/A	N/A	N/A	N/A	N/A	N/A	N/A	N/A
RGFP966	N/A	N/A	N/A	N/A	N/A	N/A	N/A	N/A	N/A	N/A
FFAR1	N/A	N/A	N/A	N/A	N/A	N/A	N/A	N/A	N/A	N/A
phxa 85	N/A	N/A	N/A	N/A	N/A	N/A	N/A	N/A	N/A	N/A
dienogest	N/A	N/A	N/A	N/A	N/A	N/A	N/A	N/A	N/A	N/A
nicotinamide-beta-riboside	N/A	N/A	N/A	N/A	N/A	N/A	N/A	N/A	N/A	N/A
HTR7	N/A	N/A	N/A	N/A	N/A	N/A	N/A	N/A	N/A	N/A
PLA2G7	N/A	N/A	N/A	N/A	N/A	N/A	N/A	N/A	N/A	N/A
ethyl gallate	N/A	N/A	N/A	N/A	N/A	N/A	N/A	N/A	N/A	N/A
DUSP16	N/A	N/A	N/A	N/A	N/A	N/A	N/A	N/A	N/A	N/A
CY-09	N/A	N/A	N/A	N/A	N/A	N/A	N/A	N/A	N/A	N/A
sulfamethoxazole/trimethoprim	N/A	N/A	N/A	N/A	N/A	N/A	N/A	N/A	N/A	N/A
HOMER2	N/A	N/A	N/A	N/A	N/A	N/A	N/A	N/A	N/A	N/A
lometrexol	N/A	N/A	N/A	N/A	N/A	N/A	N/A	N/A	N/A	N/A
paraquat	N/A	N/A	N/A	N/A	N/A	N/A	N/A	N/A	N/A	N/A
TLR6	N/A	N/A	N/A	N/A	N/A	N/A	N/A	N/A	N/A	N/A
rhesus theta-defensin 1	N/A	N/A	N/A	N/A	N/A	N/A	N/A	N/A	N/A	N/A
LBH	N/A	N/A	N/A	N/A	N/A	N/A	N/A	N/A	N/A	N/A
JINK1/2	N/A	N/A	N/A	N/A	N/A	N/A	N/A	N/A	N/A	N/A
PNO1	N/A	N/A	N/A	N/A	N/A	N/A	N/A	N/A	N/A	N/A
cyclophosphamide	N/A	N/A	N/A	N/A	N/A	N/A	N/A	N/A	N/A	N/A
acetoacetyl-coenzyme A	N/A	N/A	N/A	N/A	N/A	N/A	N/A	N/A	N/A	N/A
GNA12/13	N/A	N/A	N/A	N/A	N/A	N/A	N/A	N/A	N/A	N/A
HCG15	N/A	N/A	N/A	N/A	N/A	N/A	N/A	N/A	N/A	N/A
miR-147a (miRNAs w/seed UGUGUGG)	N/A	N/A	N/A	N/A	N/A	N/A	N/A	N/A	N/A	N/A
DUOX1	N/A	N/A	N/A	N/A	N/A	N/A	N/A	N/A	N/A	N/A
ADAM32	N/A	N/A	N/A	N/A	N/A	N/A	N/A	N/A	N/A	N/A
Casp1	N/A	N/A	N/A	N/A	N/A	N/A	N/A	N/A	N/A	N/A
ELF4	N/A	N/A	N/A	N/A	N/A	N/A	N/A	N/A	N/A	N/A
BMP15	N/A	N/A	N/A	N/A	N/A	N/A	N/A	N/A	N/A	N/A
calcipotriene	N/A	N/A	N/A	N/A	N/A	N/A	N/A	N/A	N/A	N/A
IL-27 (complex)	N/A	N/A	N/A	N/A	N/A	N/A	N/A	N/A	N/A	N/A
ANKRD42	N/A	N/A	N/A	N/A	N/A	N/A	N/A	N/A	N/A	N/A
CASP14	N/A	N/A	N/A	N/A	N/A	N/A	N/A	N/A	N/A	N/A
CD276	N/A	N/A	N/A	N/A	N/A	N/A	N/A	N/A	N/A	N/A
GPBP1	N/A	N/A	N/A	N/A	N/A	N/A	N/A	N/A	N/A	N/A
minozac free base	N/A	N/A	N/A	N/A	N/A	N/A	N/A	N/A	N/A	N/A
repertaxin	N/A	N/A	N/A	N/A	N/A	N/A	N/A	N/A	N/A	N/A
LAG3	N/A	N/A	N/A	N/A	N/A	N/A	N/A	N/A	N/A	N/A
HAO1	N/A	N/A	N/A	N/A	N/A	N/A	N/A	N/A	N/A	N/A
lipoxin A4	N/A	N/A	N/A	N/A	N/A	N/A	N/A	N/A	N/A	N/A
HAX1	N/A	N/A	N/A	N/A	N/A	N/A	N/A	N/A	N/A	N/A
CX3CL1	N/A	N/A	N/A	N/A	N/A	N/A	N/A	N/A	N/A	N/A
24-hydroxycholesterol	N/A	N/A	N/A	N/A	N/A	N/A	N/A	N/A	N/A	N/A
bardoxolone	N/A	N/A	N/A	N/A	N/A	N/A	N/A	N/A	N/A	N/A
tenofovir	N/A	N/A	N/A	N/A	N/A	N/A	N/A	N/A	N/A	N/A
DRD3	N/A	N/A	N/A	N/A	N/A	N/A	N/A	N/A	N/A	N/A
strychnine	N/A	N/A	N/A	N/A	N/A	N/A	N/A	N/A	N/A	N/A
NLRP1	N/A	N/A	N/A	N/A	N/A	N/A	N/A	N/A	N/A	N/A
C9	N/A	N/A	N/A	N/A	N/A	N/A	N/A	N/A	N/A	N/A
ARX	N/A	N/A	N/A	N/A	N/A	N/A	N/A	N/A	N/A	N/A
NSC23766	N/A	N/A	N/A	N/A	N/A	N/A	N/A	N/A	N/A	N/A
MAK683	N/A	N/A	N/A	N/A	N/A	N/A	N/A	N/A	N/A	N/A
TNFSF9	N/A	N/A	N/A	N/A	N/A	N/A	N/A	N/A	N/A	N/A
CDH3	N/A	N/A	N/A	N/A	N/A	N/A	N/A	N/A	N/A	N/A
mir-188 (includes others)	N/A	N/A	N/A	N/A	N/A	N/A	N/A	N/A	N/A	N/A
KLF9	N/A	N/A	N/A	N/A	N/A	N/A	N/A	N/A	N/A	N/A
clodronic acid	N/A	N/A	N/A	N/A	N/A	N/A	N/A	N/A	N/A	N/A
retroinverso ERG inhibitory peptide 1	N/A	N/A	N/A	N/A	N/A	N/A	N/A	N/A	N/A	N/A
HNF1B	N/A	N/A	N/A	N/A	N/A	N/A	N/A	N/A	N/A	N/A
staphylococcus aureus peptidoglycan G	N/A	N/A	N/A	N/A	N/A	N/A	N/A	N/A	N/A	N/A
D-galactosamine	N/A	N/A	N/A	N/A	N/A	N/A	N/A	N/A	N/A	N/A
PTPRC	N/A	N/A	N/A	N/A	N/A	N/A	N/A	N/A	N/A	N/A
ACP5	N/A	N/A	N/A	N/A	N/A	N/A	N/A	N/A	N/A	N/A
HTRA2	N/A	N/A	N/A	N/A	N/A	N/A	N/A	N/A	N/A	N/A
cyclomaltodextrin	N/A	N/A	N/A	N/A	N/A	N/A	N/A	N/A	N/A	N/A
PRB2	N/A	N/A	N/A	N/A	N/A	N/A	N/A	N/A	N/A	N/A
SOAT1	N/A	N/A	N/A	N/A	N/A	N/A	N/A	N/A	N/A	N/A
FGF5	N/A	N/A	N/A	N/A	N/A	N/A	N/A	N/A	N/A	N/A
U1 snRNP	N/A	N/A	N/A	N/A	N/A	N/A	N/A	N/A	N/A	N/A
gamma tocopherol	N/A	N/A	N/A	N/A	N/A	N/A	N/A	N/A	N/A	N/A
GNA13	N/A	N/A	N/A	N/A	N/A	N/A	N/A	N/A	N/A	N/A
PLAGL1	N/A	N/A	N/A	N/A	N/A	N/A	N/A	N/A	N/A	N/A
temozolomide	N/A	N/A	N/A	N/A	N/A	N/A	N/A	N/A	N/A	N/A
ITGA9	N/A	N/A	N/A	N/A	N/A	N/A	N/A	N/A	N/A	N/A
rimantadine	N/A	N/A	N/A	N/A	N/A	N/A	N/A	N/A	N/A	N/A
GAPDH	N/A	N/A	N/A	N/A	N/A	N/A	N/A	N/A	N/A	N/A
octachlorodibenzofuran	N/A	N/A	N/A	N/A	N/A	N/A	N/A	N/A	N/A	N/A
F9	N/A	N/A	N/A	N/A	N/A	N/A	N/A	N/A	N/A	N/A
WNT11	N/A	N/A	N/A	N/A	N/A	N/A	N/A	N/A	N/A	N/A
deoxycholate	N/A	N/A	N/A	N/A	N/A	N/A	N/A	N/A	N/A	N/A
miR-298-5p (and other miRNAs w/seed GCAGAGG)	N/A	N/A	N/A	N/A	N/A	N/A	N/A	N/A	N/A	N/A
RADA16-4G-BMHP1	N/A	N/A	N/A	N/A	N/A	N/A	N/A	N/A	N/A	N/A
glutathione ethyl ester	N/A	N/A	N/A	N/A	N/A	N/A	N/A	N/A	N/A	N/A
GM-1111	N/A	N/A	N/A	N/A	N/A	N/A	N/A	N/A	N/A	N/A
MAPKBP1	N/A	N/A	N/A	N/A	N/A	N/A	N/A	N/A	N/A	N/A
BTRC	N/A	N/A	N/A	N/A	N/A	N/A	N/A	N/A	N/A	N/A
IL13RA2	N/A	N/A	N/A	N/A	N/A	N/A	N/A	N/A	N/A	N/A
LUCAT1	N/A	N/A	N/A	N/A	N/A	N/A	N/A	N/A	N/A	N/A
CD80	N/A	N/A	N/A	N/A	N/A	N/A	N/A	N/A	N/A	N/A
PRSS3	N/A	N/A	N/A	N/A	N/A	N/A	N/A	N/A	N/A	N/A
R59949	N/A	N/A	N/A	N/A	N/A	N/A	N/A	N/A	N/A	N/A
Convulxin	N/A	N/A	N/A	N/A	N/A	N/A	N/A	N/A	N/A	N/A
MLT-827	N/A	N/A	N/A	N/A	N/A	N/A	N/A	N/A	N/A	N/A
Birc3	N/A	N/A	N/A	N/A	N/A	N/A	N/A	N/A	N/A	N/A
mevalonic acid	N/A	N/A	N/A	N/A	N/A	N/A	N/A	N/A	N/A	N/A
DAPK1	N/A	N/A	N/A	N/A	N/A	N/A	N/A	N/A	N/A	N/A
PIEZO1	N/A	N/A	N/A	N/A	N/A	N/A	N/A	N/A	N/A	N/A
DAPK	N/A	N/A	N/A	N/A	N/A	N/A	N/A	N/A	N/A	N/A
Pilrb1/Pilrb2	N/A	N/A	N/A	N/A	N/A	N/A	N/A	N/A	N/A	N/A
PRKCZ	N/A	N/A	N/A	N/A	N/A	N/A	N/A	N/A	N/A	N/A
TSHR	N/A	N/A	N/A	N/A	N/A	N/A	N/A	N/A	N/A	N/A
L-826,141	N/A	N/A	N/A	N/A	N/A	N/A	N/A	N/A	N/A	N/A
tyloxapol	N/A	N/A	N/A	N/A	N/A	N/A	N/A	N/A	N/A	N/A
PF-4418948	N/A	N/A	N/A	N/A	N/A	N/A	N/A	N/A	N/A	N/A
amiodarone	N/A	N/A	N/A	N/A	N/A	N/A	N/A	N/A	N/A	N/A
AP3D1	N/A	N/A	N/A	N/A	N/A	N/A	N/A	N/A	N/A	N/A
Gsdma2/Gsdma3	N/A	N/A	N/A	N/A	N/A	N/A	N/A	N/A	N/A	N/A
echium oil	N/A	N/A	N/A	N/A	N/A	N/A	N/A	N/A	N/A	N/A
folic acid	N/A	N/A	N/A	N/A	N/A	N/A	N/A	N/A	N/A	N/A
RXR	N/A	N/A	N/A	N/A	N/A	N/A	N/A	N/A	N/A	N/A
(+)-epicatechin	N/A	N/A	N/A	N/A	N/A	N/A	N/A	N/A	N/A	N/A
1,3-dichloro-2-propanol	N/A	N/A	N/A	N/A	N/A	N/A	N/A	N/A	N/A	N/A
BIBX1522	N/A	N/A	N/A	N/A	N/A	N/A	N/A	N/A	N/A	N/A
EPHA3	N/A	N/A	N/A	N/A	N/A	N/A	N/A	N/A	N/A	N/A
mangiferin	N/A	N/A	N/A	N/A	N/A	N/A	N/A	N/A	N/A	N/A
1-methyl-DL-tryptophan	N/A	N/A	N/A	N/A	N/A	N/A	N/A	N/A	N/A	N/A
14',15'-epoNA5HT	N/A	N/A	N/A	N/A	N/A	N/A	N/A	N/A	N/A	N/A
ITGA5	N/A	N/A	N/A	N/A	N/A	N/A	N/A	N/A	N/A	N/A
miR-31-5p (and other miRNAs w/seed GGCAAGA)	N/A	N/A	N/A	N/A	N/A	N/A	N/A	N/A	N/A	N/A
MLANA	N/A	N/A	N/A	N/A	N/A	N/A	N/A	N/A	N/A	N/A
borage oil	N/A	N/A	N/A	N/A	N/A	N/A	N/A	N/A	N/A	N/A
HSP90AB1	N/A	N/A	N/A	N/A	N/A	N/A	N/A	N/A	N/A	N/A
BMAL2	N/A	N/A	N/A	N/A	N/A	N/A	N/A	N/A	N/A	N/A
SIRT4	N/A	N/A	N/A	N/A	N/A	N/A	N/A	N/A	N/A	N/A
silicon dioxide	N/A	N/A	N/A	N/A	N/A	N/A	N/A	N/A	N/A	N/A
LMX1B	N/A	N/A	N/A	N/A	N/A	N/A	N/A	N/A	N/A	N/A
MSTN	N/A	N/A	N/A	N/A	N/A	N/A	N/A	N/A	N/A	N/A
SFPQ	N/A	N/A	N/A	N/A	N/A	N/A	N/A	N/A	N/A	N/A
tert-butyl-hydroquinone	N/A	N/A	N/A	N/A	N/A	N/A	N/A	N/A	N/A	N/A
BRCC3	N/A	N/A	N/A	N/A	N/A	N/A	N/A	N/A	N/A	N/A
C8	N/A	N/A	N/A	N/A	N/A	N/A	N/A	N/A	N/A	N/A
bongkrekic acid	N/A	N/A	N/A	N/A	N/A	N/A	N/A	N/A	N/A	N/A
SDC4	N/A	N/A	N/A	N/A	N/A	N/A	N/A	N/A	N/A	N/A
BAIAP2	N/A	N/A	N/A	N/A	N/A	N/A	N/A	N/A	N/A	N/A
7-ketocholesterol	N/A	N/A	N/A	N/A	N/A	N/A	N/A	N/A	N/A	N/A
ABCG1	N/A	N/A	N/A	N/A	N/A	N/A	N/A	N/A	N/A	N/A
CYLD	N/A	N/A	N/A	N/A	N/A	N/A	N/A	N/A	N/A	N/A
L-propargylglycine	N/A	N/A	N/A	N/A	N/A	N/A	N/A	N/A	N/A	N/A
CTCFL	N/A	N/A	N/A	N/A	N/A	N/A	N/A	N/A	N/A	N/A
SERPIND1	N/A	N/A	N/A	N/A	N/A	N/A	N/A	N/A	N/A	N/A
ELF3	N/A	N/A	N/A	N/A	N/A	N/A	N/A	N/A	N/A	N/A
ZIC3	N/A	N/A	N/A	N/A	N/A	N/A	N/A	N/A	N/A	N/A
XDH	N/A	N/A	N/A	N/A	N/A	N/A	N/A	N/A	N/A	N/A
PTX3	N/A	N/A	N/A	N/A	N/A	N/A	N/A	N/A	N/A	N/A
cryptotanshinone	N/A	N/A	N/A	N/A	N/A	N/A	N/A	N/A	N/A	N/A
Lyz1/Lyz2	N/A	N/A	N/A	N/A	N/A	N/A	N/A	N/A	N/A	N/A
GRIN1	N/A	N/A	N/A	N/A	N/A	N/A	N/A	N/A	N/A	N/A
HADH	N/A	N/A	N/A	N/A	N/A	N/A	N/A	N/A	N/A	N/A
BIBX 1382BS	N/A	N/A	N/A	N/A	N/A	N/A	N/A	N/A	N/A	N/A
USP38	N/A	N/A	N/A	N/A	N/A	N/A	N/A	N/A	N/A	N/A
Orm2/Orm3	N/A	N/A	N/A	N/A	N/A	N/A	N/A	N/A	N/A	N/A
salmeterol	N/A	N/A	N/A	N/A	N/A	N/A	N/A	N/A	N/A	N/A
13-hydroxydocosahexaenoic acid	N/A	N/A	N/A	N/A	N/A	N/A	N/A	N/A	N/A	N/A
4-[4-(3-hydroxyphenyl)-3-(4-methylphenyl)-6-oxo-1,4-dihydropyrrolo[3,4-c]pyrazol-5-yl]benzoic acid	N/A	N/A	N/A	N/A	N/A	N/A	N/A	N/A	N/A	N/A
linseed oil	N/A	N/A	N/A	N/A	N/A	N/A	N/A	N/A	N/A	N/A
CYP2E1	N/A	N/A	N/A	N/A	N/A	N/A	N/A	N/A	N/A	N/A
hymecromone	N/A	N/A	N/A	N/A	N/A	N/A	N/A	N/A	N/A	N/A
HTR4	N/A	N/A	N/A	N/A	N/A	N/A	N/A	N/A	N/A	N/A
3-aminobenzamide	N/A	N/A	N/A	N/A	N/A	N/A	N/A	N/A	N/A	N/A
ITCH	N/A	N/A	N/A	N/A	N/A	N/A	N/A	N/A	N/A	N/A
EGTA acetoxymethyl ester	N/A	N/A	N/A	N/A	N/A	N/A	N/A	N/A	N/A	N/A
RAB1A	N/A	N/A	N/A	N/A	N/A	N/A	N/A	N/A	N/A	N/A
SAFB	N/A	N/A	N/A	N/A	N/A	N/A	N/A	N/A	N/A	N/A
GRHL2	N/A	N/A	N/A	N/A	N/A	N/A	N/A	N/A	N/A	N/A
methoxetamine	N/A	N/A	N/A	N/A	N/A	N/A	N/A	N/A	N/A	N/A
STAT	N/A	N/A	N/A	N/A	N/A	N/A	N/A	N/A	N/A	N/A
YES1	N/A	N/A	N/A	N/A	N/A	N/A	N/A	N/A	N/A	N/A
LRRFIP2	N/A	N/A	N/A	N/A	N/A	N/A	N/A	N/A	N/A	N/A
N-acetylsphingosine	N/A	N/A	N/A	N/A	N/A	N/A	N/A	N/A	N/A	N/A
rolipram	N/A	N/A	N/A	N/A	N/A	N/A	N/A	N/A	N/A	N/A
PDLIM7	N/A	N/A	N/A	N/A	N/A	N/A	N/A	N/A	N/A	N/A
CEACAM7	N/A	N/A	N/A	N/A	N/A	N/A	N/A	N/A	N/A	N/A
VSIG4	N/A	N/A	N/A	N/A	N/A	N/A	N/A	N/A	N/A	N/A
phosphoenolpyruvate	N/A	N/A	N/A	N/A	N/A	N/A	N/A	N/A	N/A	N/A
TBX18	N/A	N/A	N/A	N/A	N/A	N/A	N/A	N/A	N/A	N/A
NLRC3	N/A	N/A	N/A	N/A	N/A	N/A	N/A	N/A	N/A	N/A
VPS36	N/A	N/A	N/A	N/A	N/A	N/A	N/A	N/A	N/A	N/A
ginsenoside Rg5	N/A	N/A	N/A	N/A	N/A	N/A	N/A	N/A	N/A	N/A
SFRP5	N/A	N/A	N/A	N/A	N/A	N/A	N/A	N/A	N/A	N/A
OTUD7B	N/A	N/A	N/A	N/A	N/A	N/A	N/A	N/A	N/A	N/A
SLITRK5	N/A	N/A	N/A	N/A	N/A	N/A	N/A	N/A	N/A	N/A
TH17 cytokine	N/A	N/A	N/A	N/A	N/A	N/A	N/A	N/A	N/A	N/A
Mrgpra2a (includes others)	N/A	N/A	N/A	N/A	N/A	N/A	N/A	N/A	N/A	N/A
FOXF1	N/A	N/A	N/A	N/A	N/A	N/A	N/A	N/A	N/A	N/A
Z-IETD-FMK	N/A	N/A	N/A	N/A	N/A	N/A	N/A	N/A	N/A	N/A
teneligliptin	N/A	N/A	N/A	N/A	N/A	N/A	N/A	N/A	N/A	N/A
GDF11	N/A	N/A	N/A	N/A	N/A	N/A	N/A	N/A	N/A	N/A
beta-naphthoflavone	N/A	N/A	N/A	N/A	N/A	N/A	N/A	N/A	N/A	N/A
tetrandrine	N/A	N/A	N/A	N/A	N/A	N/A	N/A	N/A	N/A	N/A
IL20RA	N/A	N/A	N/A	N/A	N/A	N/A	N/A	N/A	N/A	N/A
ORAI3	N/A	N/A	N/A	N/A	N/A	N/A	N/A	N/A	N/A	N/A
BRAF	N/A	N/A	N/A	N/A	N/A	N/A	N/A	N/A	N/A	N/A
sivelestat	N/A	N/A	N/A	N/A	N/A	N/A	N/A	N/A	N/A	N/A
NDPK	N/A	N/A	N/A	N/A	N/A	N/A	N/A	N/A	N/A	N/A
SELL	N/A	N/A	N/A	N/A	N/A	N/A	N/A	N/A	N/A	N/A
IL10RB	N/A	N/A	N/A	N/A	N/A	N/A	N/A	N/A	N/A	N/A
IL17D	N/A	N/A	N/A	N/A	N/A	N/A	N/A	N/A	N/A	N/A
CADM4	N/A	N/A	N/A	N/A	N/A	N/A	N/A	N/A	N/A	N/A
rhein	N/A	N/A	N/A	N/A	N/A	N/A	N/A	N/A	N/A	N/A
Triton X-100	N/A	N/A	N/A	N/A	N/A	N/A	N/A	N/A	N/A	N/A
fenamic acid	N/A	N/A	N/A	N/A	N/A	N/A	N/A	N/A	N/A	N/A
HEPH	N/A	N/A	N/A	N/A	N/A	N/A	N/A	N/A	N/A	N/A
SLC8A1	N/A	N/A	N/A	N/A	N/A	N/A	N/A	N/A	N/A	N/A
MGP	N/A	N/A	N/A	N/A	N/A	N/A	N/A	N/A	N/A	N/A
IL12RB2	N/A	N/A	N/A	N/A	N/A	N/A	N/A	N/A	N/A	N/A
LIX1	N/A	N/A	N/A	N/A	N/A	N/A	N/A	N/A	N/A	N/A
histone H3	N/A	N/A	N/A	N/A	N/A	N/A	N/A	N/A	N/A	N/A
TTF1	N/A	N/A	N/A	N/A	N/A	N/A	N/A	N/A	N/A	N/A
DPTIP	N/A	N/A	N/A	N/A	N/A	N/A	N/A	N/A	N/A	N/A
medicarpin	N/A	N/A	N/A	N/A	N/A	N/A	N/A	N/A	N/A	N/A
C66	N/A	N/A	N/A	N/A	N/A	N/A	N/A	N/A	N/A	N/A
SEMA7A	N/A	N/A	N/A	N/A	N/A	N/A	N/A	N/A	N/A	N/A
LRRC19	N/A	N/A	N/A	N/A	N/A	N/A	N/A	N/A	N/A	N/A
corylin	N/A	N/A	N/A	N/A	N/A	N/A	N/A	N/A	N/A	N/A
ELMO1	N/A	N/A	N/A	N/A	N/A	N/A	N/A	N/A	N/A	N/A
SB 290157	N/A	N/A	N/A	N/A	N/A	N/A	N/A	N/A	N/A	N/A
B4GALT6	N/A	N/A	N/A	N/A	N/A	N/A	N/A	N/A	N/A	N/A
TRIM9	N/A	N/A	N/A	N/A	N/A	N/A	N/A	N/A	N/A	N/A
1-phenazinecarboxylic acid	N/A	N/A	N/A	N/A	N/A	N/A	N/A	N/A	N/A	N/A
NTRK3	N/A	N/A	N/A	N/A	N/A	N/A	N/A	N/A	N/A	N/A
MALP-2s	N/A	N/A	N/A	N/A	N/A	N/A	N/A	N/A	N/A	N/A
HMG20B	N/A	N/A	N/A	N/A	N/A	N/A	N/A	N/A	N/A	N/A
CCL21	N/A	N/A	N/A	N/A	N/A	N/A	N/A	N/A	N/A	N/A
SENP7	N/A	N/A	N/A	N/A	N/A	N/A	N/A	N/A	N/A	N/A
CFAP52	N/A	N/A	N/A	N/A	N/A	N/A	N/A	N/A	N/A	N/A
SUMO2	N/A	N/A	N/A	N/A	N/A	N/A	N/A	N/A	N/A	N/A
(indol-3-yl)pyruvic acid	N/A	N/A	N/A	N/A	N/A	N/A	N/A	N/A	N/A	N/A
cholesterol ester	N/A	N/A	N/A	N/A	N/A	N/A	N/A	N/A	N/A	N/A
PPARG:Fatty Acid:RXRA:Mediator:Coactivator	N/A	N/A	N/A	N/A	N/A	N/A	N/A	N/A	N/A	N/A
AXL	N/A	N/A	N/A	N/A	N/A	N/A	N/A	N/A	N/A	N/A
MED25	N/A	N/A	N/A	N/A	N/A	N/A	N/A	N/A	N/A	N/A
mitochondria-targeted paraquat	N/A	N/A	N/A	N/A	N/A	N/A	N/A	N/A	N/A	N/A
CK1	N/A	N/A	N/A	N/A	N/A	N/A	N/A	N/A	N/A	N/A
SELE	N/A	N/A	N/A	N/A	N/A	N/A	N/A	N/A	N/A	N/A
ammonium trichloro(dioxoethylene-O,O'-)tellurate	N/A	N/A	N/A	N/A	N/A	N/A	N/A	N/A	N/A	N/A
diazepam	N/A	N/A	N/A	N/A	N/A	N/A	N/A	N/A	N/A	N/A
3-hydroxyanthranilic acid	N/A	N/A	N/A	N/A	N/A	N/A	N/A	N/A	N/A	N/A
Calcineurin A/Calcineurin B/RUNX1	N/A	N/A	N/A	N/A	N/A	N/A	N/A	N/A	N/A	N/A
HSD17B4	N/A	N/A	N/A	N/A	N/A	N/A	N/A	N/A	N/A	N/A
MECP2	N/A	N/A	N/A	N/A	N/A	N/A	N/A	N/A	N/A	N/A
schisandra chinensis baill ethanolic extract	N/A	N/A	N/A	N/A	N/A	N/A	N/A	N/A	N/A	N/A
FLT4	N/A	N/A	N/A	N/A	N/A	N/A	N/A	N/A	N/A	N/A
SLC6A2	N/A	N/A	N/A	N/A	N/A	N/A	N/A	N/A	N/A	N/A
gamma-tocotrienol	N/A	N/A	N/A	N/A	N/A	N/A	N/A	N/A	N/A	N/A
DMP1	N/A	N/A	N/A	N/A	N/A	N/A	N/A	N/A	N/A	N/A
LG100268	N/A	N/A	N/A	N/A	N/A	N/A	N/A	N/A	N/A	N/A
NLRP12	N/A	N/A	N/A	N/A	N/A	N/A	N/A	N/A	N/A	N/A
artesunic acid	N/A	N/A	N/A	N/A	N/A	N/A	N/A	N/A	N/A	N/A
USP6	N/A	N/A	N/A	N/A	N/A	N/A	N/A	N/A	N/A	N/A
SIRPA	N/A	N/A	N/A	N/A	N/A	N/A	N/A	N/A	N/A	N/A
alpha-tocopherol succinate	N/A	N/A	N/A	N/A	N/A	N/A	N/A	N/A	N/A	N/A
PELI1	N/A	N/A	N/A	N/A	N/A	N/A	N/A	N/A	N/A	N/A
NPC2	N/A	N/A	N/A	N/A	N/A	N/A	N/A	N/A	N/A	N/A
diethylmaleate	N/A	N/A	N/A	N/A	N/A	N/A	N/A	N/A	N/A	N/A
C1QA	N/A	N/A	N/A	N/A	N/A	N/A	N/A	N/A	N/A	N/A
CD8A	N/A	N/A	N/A	N/A	N/A	N/A	N/A	N/A	N/A	N/A
PIK3CA	N/A	N/A	N/A	N/A	N/A	N/A	N/A	N/A	N/A	N/A
N-formyl-Met-Leu-Phe	N/A	N/A	N/A	N/A	N/A	N/A	N/A	N/A	N/A	N/A
SKLB023	N/A	N/A	N/A	N/A	N/A	N/A	N/A	N/A	N/A	N/A
NFIL3	N/A	N/A	N/A	N/A	N/A	N/A	N/A	N/A	N/A	N/A
DERL1	N/A	N/A	N/A	N/A	N/A	N/A	N/A	N/A	N/A	N/A
mir-431	N/A	N/A	N/A	N/A	N/A	N/A	N/A	N/A	N/A	N/A
(-)-epigallocatechin-3-O-(3''-O-methyl)-gallate	N/A	N/A	N/A	N/A	N/A	N/A	N/A	N/A	N/A	N/A
4930426D05Rikl	N/A	N/A	N/A	N/A	N/A	N/A	N/A	N/A	N/A	N/A
C5AR2	N/A	N/A	N/A	N/A	N/A	N/A	N/A	N/A	N/A	N/A
BLK	N/A	N/A	N/A	N/A	N/A	N/A	N/A	N/A	N/A	N/A
2,4-dinitrofluorobenzene	N/A	N/A	N/A	N/A	N/A	N/A	N/A	N/A	N/A	N/A
B2M	N/A	N/A	N/A	N/A	N/A	N/A	N/A	N/A	N/A	N/A
ethylisopropylamiloride	N/A	N/A	N/A	N/A	N/A	N/A	N/A	N/A	N/A	N/A
RAD21	N/A	N/A	N/A	N/A	N/A	N/A	N/A	N/A	N/A	N/A
pneumocystis beta-glucan	N/A	N/A	N/A	N/A	N/A	N/A	N/A	N/A	N/A	N/A
1-palmitoyl-2-glutaroyl-sn-glycero-3-phosphorylcholine	N/A	N/A	N/A	N/A	N/A	N/A	N/A	N/A	N/A	N/A
TNFSF13B	N/A	N/A	N/A	N/A	N/A	N/A	N/A	N/A	N/A	N/A
nordihydroguaiaretic acid	N/A	N/A	N/A	N/A	N/A	N/A	N/A	N/A	N/A	N/A
lentinan	N/A	N/A	N/A	N/A	N/A	N/A	N/A	N/A	N/A	N/A
DNM2	N/A	N/A	N/A	N/A	N/A	N/A	N/A	N/A	N/A	N/A
glutathione	N/A	N/A	N/A	N/A	N/A	N/A	N/A	N/A	N/A	N/A
epoxyeicosatrienoic acid	N/A	N/A	N/A	N/A	N/A	N/A	N/A	N/A	N/A	N/A
PDPK1	N/A	N/A	N/A	N/A	N/A	N/A	N/A	N/A	N/A	N/A
capmatinib	N/A	N/A	N/A	N/A	N/A	N/A	N/A	N/A	N/A	N/A
SLAMF9	N/A	N/A	N/A	N/A	N/A	N/A	N/A	N/A	N/A	N/A
P2RY1	N/A	N/A	N/A	N/A	N/A	N/A	N/A	N/A	N/A	N/A
12-hydroxyeicosapentaenoic acid	N/A	N/A	N/A	N/A	N/A	N/A	N/A	N/A	N/A	N/A
sulfinpyrazone	N/A	N/A	N/A	N/A	N/A	N/A	N/A	N/A	N/A	N/A
anti-miR-202-3p inhibitor	N/A	N/A	N/A	N/A	N/A	N/A	N/A	N/A	N/A	N/A
IgG2a	N/A	N/A	N/A	N/A	N/A	N/A	N/A	N/A	N/A	N/A
miR-511-5p (miRNAs w/seed UGUCUUU)	N/A	N/A	N/A	N/A	N/A	N/A	N/A	N/A	N/A	N/A
RBCK1	N/A	N/A	N/A	N/A	N/A	N/A	N/A	N/A	N/A	N/A
FBXO42	N/A	N/A	N/A	N/A	N/A	N/A	N/A	N/A	N/A	N/A
triflusal	N/A	N/A	N/A	N/A	N/A	N/A	N/A	N/A	N/A	N/A
amprenavir	N/A	N/A	N/A	N/A	N/A	N/A	N/A	N/A	N/A	N/A
isovitexin	N/A	N/A	N/A	N/A	N/A	N/A	N/A	N/A	N/A	N/A
1,10-phenanthroline	N/A	N/A	N/A	N/A	N/A	N/A	N/A	N/A	N/A	N/A
irisolidone	N/A	N/A	N/A	N/A	N/A	N/A	N/A	N/A	N/A	N/A
ACOX1	N/A	N/A	N/A	N/A	N/A	N/A	N/A	N/A	N/A	N/A
PTGDR	N/A	N/A	N/A	N/A	N/A	N/A	N/A	N/A	N/A	N/A
R-WIN 55,212	N/A	N/A	N/A	N/A	N/A	N/A	N/A	N/A	N/A	N/A
irinotecan	N/A	N/A	N/A	N/A	N/A	N/A	N/A	N/A	N/A	N/A
loxoribine	N/A	N/A	N/A	N/A	N/A	N/A	N/A	N/A	N/A	N/A
NEIL2	N/A	N/A	N/A	N/A	N/A	N/A	N/A	N/A	N/A	N/A
3M-003	N/A	N/A	N/A	N/A	N/A	N/A	N/A	N/A	N/A	N/A
ZFTA-RELA	N/A	N/A	N/A	N/A	N/A	N/A	N/A	N/A	N/A	N/A
adenosine dialdehyde	N/A	N/A	N/A	N/A	N/A	N/A	N/A	N/A	N/A	N/A
miR-516a-3p (and other miRNAs w/seed GCUUCCU)	N/A	N/A	N/A	N/A	N/A	N/A	N/A	N/A	N/A	N/A
PINK1	N/A	N/A	N/A	N/A	N/A	N/A	N/A	N/A	N/A	N/A
PROCR	N/A	N/A	N/A	N/A	N/A	N/A	N/A	N/A	N/A	N/A
FBN1	N/A	N/A	N/A	N/A	N/A	N/A	N/A	N/A	N/A	N/A
TFG-ALK	N/A	N/A	N/A	N/A	N/A	N/A	N/A	N/A	N/A	N/A
LPAR5	N/A	N/A	N/A	N/A	N/A	N/A	N/A	N/A	N/A	N/A
BETd-260	N/A	N/A	N/A	N/A	N/A	N/A	N/A	N/A	N/A	N/A
ITF3056	N/A	N/A	N/A	N/A	N/A	N/A	N/A	N/A	N/A	N/A
allosamidin	N/A	N/A	N/A	N/A	N/A	N/A	N/A	N/A	N/A	N/A
alefacept	N/A	N/A	N/A	N/A	N/A	N/A	N/A	N/A	N/A	N/A
ABCD2	N/A	N/A	N/A	N/A	N/A	N/A	N/A	N/A	N/A	N/A
zunsemetinib	N/A	N/A	N/A	N/A	N/A	N/A	N/A	N/A	N/A	N/A
GSTP1	N/A	N/A	N/A	N/A	N/A	N/A	N/A	N/A	N/A	N/A
IFNAR1	N/A	N/A	N/A	N/A	N/A	N/A	N/A	N/A	N/A	N/A
DL-fructose	N/A	N/A	N/A	N/A	N/A	N/A	N/A	N/A	N/A	N/A
IKK inhibitor XII	N/A	N/A	N/A	N/A	N/A	N/A	N/A	N/A	N/A	N/A
POLR2A	N/A	N/A	N/A	N/A	N/A	N/A	N/A	N/A	N/A	N/A
XRN2	N/A	N/A	N/A	N/A	N/A	N/A	N/A	N/A	N/A	N/A
GRK2	N/A	N/A	N/A	N/A	N/A	N/A	N/A	N/A	N/A	N/A
HOXB7	N/A	N/A	N/A	N/A	N/A	N/A	N/A	N/A	N/A	N/A
SCARB1	N/A	N/A	N/A	N/A	N/A	N/A	N/A	N/A	N/A	N/A
PRDX1	N/A	N/A	N/A	N/A	N/A	N/A	N/A	N/A	N/A	N/A
4-(2-aminoethyl)benzenesulfonylfluoride	N/A	N/A	N/A	N/A	N/A	N/A	N/A	N/A	N/A	N/A
mir-129 (includes others)	N/A	N/A	N/A	N/A	N/A	N/A	N/A	N/A	N/A	N/A
HECTD3	N/A	N/A	N/A	N/A	N/A	N/A	N/A	N/A	N/A	N/A
PF-8380	N/A	N/A	N/A	N/A	N/A	N/A	N/A	N/A	N/A	N/A
RAG1	N/A	N/A	N/A	N/A	N/A	N/A	N/A	N/A	N/A	N/A
ICAM1	N/A	N/A	N/A	N/A	N/A	N/A	N/A	N/A	N/A	N/A
CFLAR	N/A	N/A	N/A	N/A	N/A	N/A	N/A	N/A	N/A	N/A
PLA2G12A	N/A	N/A	N/A	N/A	N/A	N/A	N/A	N/A	N/A	N/A
CCL15	N/A	N/A	N/A	N/A	N/A	N/A	N/A	N/A	N/A	N/A
glycine	N/A	N/A	N/A	N/A	N/A	N/A	N/A	N/A	N/A	N/A
MAML1	N/A	N/A	N/A	N/A	N/A	N/A	N/A	N/A	N/A	N/A
CNR2	N/A	N/A	N/A	N/A	N/A	N/A	N/A	N/A	N/A	N/A
RKQ peptide	N/A	N/A	N/A	N/A	N/A	N/A	N/A	N/A	N/A	N/A
GPR37	N/A	N/A	N/A	N/A	N/A	N/A	N/A	N/A	N/A	N/A
GW501516	N/A	N/A	N/A	N/A	N/A	N/A	N/A	N/A	N/A	N/A
ivermectin	N/A	N/A	N/A	N/A	N/A	N/A	N/A	N/A	N/A	N/A
tetrahydrocurcumin	N/A	N/A	N/A	N/A	N/A	N/A	N/A	N/A	N/A	N/A
15-E2-isoketal modified phosphatidylethanolamine	N/A	N/A	N/A	N/A	N/A	N/A	N/A	N/A	N/A	N/A
amphotericin B	N/A	N/A	N/A	N/A	N/A	N/A	N/A	N/A	N/A	N/A
secukinumab	N/A	N/A	N/A	N/A	N/A	N/A	N/A	N/A	N/A	N/A
SLC30A3	N/A	N/A	N/A	N/A	N/A	N/A	N/A	N/A	N/A	N/A
Collagen type I (complex)	N/A	N/A	N/A	N/A	N/A	N/A	N/A	N/A	N/A	N/A
DAXX	N/A	N/A	N/A	N/A	N/A	N/A	N/A	N/A	N/A	N/A
IKK (complex)	N/A	N/A	N/A	N/A	N/A	N/A	N/A	N/A	N/A	N/A
DEK	N/A	N/A	N/A	N/A	N/A	N/A	N/A	N/A	N/A	N/A
aucubin	N/A	N/A	N/A	N/A	N/A	N/A	N/A	N/A	N/A	N/A
triolein	N/A	N/A	N/A	N/A	N/A	N/A	N/A	N/A	N/A	N/A
neomycin	N/A	N/A	N/A	N/A	N/A	N/A	N/A	N/A	N/A	N/A
etanercept	N/A	N/A	N/A	N/A	N/A	N/A	N/A	N/A	N/A	N/A
dapansutrile	N/A	N/A	N/A	N/A	N/A	N/A	N/A	N/A	N/A	N/A
3-hydroxybenzo(a)pyrene	N/A	N/A	N/A	N/A	N/A	N/A	N/A	N/A	N/A	N/A
NFKBIE	N/A	N/A	N/A	N/A	N/A	N/A	N/A	N/A	N/A	N/A
AKT inhibitor VIII	N/A	N/A	N/A	N/A	N/A	N/A	N/A	N/A	N/A	N/A
MAP3K1	N/A	N/A	N/A	N/A	N/A	N/A	N/A	N/A	N/A	N/A
W146	N/A	N/A	N/A	N/A	N/A	N/A	N/A	N/A	N/A	N/A
KIF2C	N/A	N/A	N/A	N/A	N/A	N/A	N/A	N/A	N/A	N/A
pregnenolone carbonitrile	N/A	N/A	N/A	N/A	N/A	N/A	N/A	N/A	N/A	N/A
lansoprazole	N/A	N/A	N/A	N/A	N/A	N/A	N/A	N/A	N/A	N/A
ABHD6	N/A	N/A	N/A	N/A	N/A	N/A	N/A	N/A	N/A	N/A
3-beta,17-beta-androstanediol	N/A	N/A	N/A	N/A	N/A	N/A	N/A	N/A	N/A	N/A
TRIM16	N/A	N/A	N/A	N/A	N/A	N/A	N/A	N/A	N/A	N/A
MAGOH	N/A	N/A	N/A	N/A	N/A	N/A	N/A	N/A	N/A	N/A
BK channel	N/A	N/A	N/A	N/A	N/A	N/A	N/A	N/A	N/A	N/A
LZ1 peptide	N/A	N/A	N/A	N/A	N/A	N/A	N/A	N/A	N/A	N/A
CHIA	N/A	N/A	N/A	N/A	N/A	N/A	N/A	N/A	N/A	N/A
RPL19	N/A	N/A	N/A	N/A	N/A	N/A	N/A	N/A	N/A	N/A
ADAMTS18	N/A	N/A	N/A	N/A	N/A	N/A	N/A	N/A	N/A	N/A
icilin	N/A	N/A	N/A	N/A	N/A	N/A	N/A	N/A	N/A	N/A
nandrolone decanoate	N/A	N/A	N/A	N/A	N/A	N/A	N/A	N/A	N/A	N/A
CREB/NFkB	N/A	N/A	N/A	N/A	N/A	N/A	N/A	N/A	N/A	N/A
HSP90 (family)	N/A	N/A	N/A	N/A	N/A	N/A	N/A	N/A	N/A	N/A
PANX1	N/A	N/A	N/A	N/A	N/A	N/A	N/A	N/A	N/A	N/A
LACTB	N/A	N/A	N/A	N/A	N/A	N/A	N/A	N/A	N/A	N/A
ABRAXAS2	N/A	N/A	N/A	N/A	N/A	N/A	N/A	N/A	N/A	N/A
GSTM1	N/A	N/A	N/A	N/A	N/A	N/A	N/A	N/A	N/A	N/A
4732491K20Rik	N/A	N/A	N/A	N/A	N/A	N/A	N/A	N/A	N/A	N/A
ergosterol-5,8-peroxide	N/A	N/A	N/A	N/A	N/A	N/A	N/A	N/A	N/A	N/A
dobesilic acid	N/A	N/A	N/A	N/A	N/A	N/A	N/A	N/A	N/A	N/A
epoxyeicosatrienoic acid analog A	N/A	N/A	N/A	N/A	N/A	N/A	N/A	N/A	N/A	N/A
estriol	N/A	N/A	N/A	N/A	N/A	N/A	N/A	N/A	N/A	N/A
POU2F1	N/A	N/A	N/A	N/A	N/A	N/A	N/A	N/A	N/A	N/A
TNPO2	N/A	N/A	N/A	N/A	N/A	N/A	N/A	N/A	N/A	N/A
ANGPT1	N/A	N/A	N/A	N/A	N/A	N/A	N/A	N/A	N/A	N/A
ONC-201	N/A	N/A	N/A	N/A	N/A	N/A	N/A	N/A	N/A	N/A
HNF1A-AS1	N/A	N/A	N/A	N/A	N/A	N/A	N/A	N/A	N/A	N/A
DNAJA3	N/A	N/A	N/A	N/A	N/A	N/A	N/A	N/A	N/A	N/A
azithromycin	N/A	N/A	N/A	N/A	N/A	N/A	N/A	N/A	N/A	N/A
FGF	N/A	N/A	N/A	N/A	N/A	N/A	N/A	N/A	N/A	N/A
UCN-01	N/A	N/A	N/A	N/A	N/A	N/A	N/A	N/A	N/A	N/A
benzenesulfonic acid	N/A	N/A	N/A	N/A	N/A	N/A	N/A	N/A	N/A	N/A
polyphosphate	N/A	N/A	N/A	N/A	N/A	N/A	N/A	N/A	N/A	N/A
2'3'-cyclic guanosine monophosphate-adenosine monophosphate	N/A	N/A	N/A	N/A	N/A	N/A	N/A	N/A	N/A	N/A
TRIL	N/A	N/A	N/A	N/A	N/A	N/A	N/A	N/A	N/A	N/A
gildeuretinol acetate	N/A	N/A	N/A	N/A	N/A	N/A	N/A	N/A	N/A	N/A
zafirlukast	N/A	N/A	N/A	N/A	N/A	N/A	N/A	N/A	N/A	N/A
PSD3	N/A	N/A	N/A	N/A	N/A	N/A	N/A	N/A	N/A	N/A
C1QBP	N/A	N/A	N/A	N/A	N/A	N/A	N/A	N/A	N/A	N/A
erythritol	N/A	N/A	N/A	N/A	N/A	N/A	N/A	N/A	N/A	N/A
IRF2BP1	N/A	N/A	N/A	N/A	N/A	N/A	N/A	N/A	N/A	N/A
docosapentaenoic acid	N/A	N/A	N/A	N/A	N/A	N/A	N/A	N/A	N/A	N/A
ORM2	N/A	N/A	N/A	N/A	N/A	N/A	N/A	N/A	N/A	N/A
hydrochloric acid	N/A	N/A	N/A	N/A	N/A	N/A	N/A	N/A	N/A	N/A
ECSIT	N/A	N/A	N/A	N/A	N/A	N/A	N/A	N/A	N/A	N/A
UXT	N/A	N/A	N/A	N/A	N/A	N/A	N/A	N/A	N/A	N/A
hexachlorobenzene	N/A	N/A	N/A	N/A	N/A	N/A	N/A	N/A	N/A	N/A
halofuginone	N/A	N/A	N/A	N/A	N/A	N/A	N/A	N/A	N/A	N/A
HCAR1	N/A	N/A	N/A	N/A	N/A	N/A	N/A	N/A	N/A	N/A
pepstatin	N/A	N/A	N/A	N/A	N/A	N/A	N/A	N/A	N/A	N/A
MAP3K21	N/A	N/A	N/A	N/A	N/A	N/A	N/A	N/A	N/A	N/A
phosphatidylinositol	N/A	N/A	N/A	N/A	N/A	N/A	N/A	N/A	N/A	N/A
ocifisertib	N/A	N/A	N/A	N/A	N/A	N/A	N/A	N/A	N/A	N/A
SKAP2	N/A	N/A	N/A	N/A	N/A	N/A	N/A	N/A	N/A	N/A
TY52156	N/A	N/A	N/A	N/A	N/A	N/A	N/A	N/A	N/A	N/A
gentamicin C	N/A	N/A	N/A	N/A	N/A	N/A	N/A	N/A	N/A	N/A
APLNR	N/A	N/A	N/A	N/A	N/A	N/A	N/A	N/A	N/A	N/A
Inflammasome	N/A	N/A	N/A	N/A	N/A	N/A	N/A	N/A	N/A	N/A
POLB	N/A	N/A	N/A	N/A	N/A	N/A	N/A	N/A	N/A	N/A
PAK2	N/A	N/A	N/A	N/A	N/A	N/A	N/A	N/A	N/A	N/A
lactic acid	N/A	N/A	N/A	N/A	N/A	N/A	N/A	N/A	N/A	N/A
TAS2R14	N/A	N/A	N/A	N/A	N/A	N/A	N/A	N/A	N/A	N/A
P2RY4	N/A	N/A	N/A	N/A	N/A	N/A	N/A	N/A	N/A	N/A
shikonin	N/A	N/A	N/A	N/A	N/A	N/A	N/A	N/A	N/A	N/A
Saa3	N/A	N/A	N/A	N/A	N/A	N/A	N/A	N/A	N/A	N/A
KCNA1	N/A	N/A	N/A	N/A	N/A	N/A	N/A	N/A	N/A	N/A
varlitinib	N/A	N/A	N/A	N/A	N/A	N/A	N/A	N/A	N/A	N/A
CITCO	N/A	N/A	N/A	N/A	N/A	N/A	N/A	N/A	N/A	N/A
PLIN5	N/A	N/A	N/A	N/A	N/A	N/A	N/A	N/A	N/A	N/A
GR-MD-02	N/A	N/A	N/A	N/A	N/A	N/A	N/A	N/A	N/A	N/A
casein	N/A	N/A	N/A	N/A	N/A	N/A	N/A	N/A	N/A	N/A
TNIP3	N/A	N/A	N/A	N/A	N/A	N/A	N/A	N/A	N/A	N/A
theophylline	N/A	N/A	N/A	N/A	N/A	N/A	N/A	N/A	N/A	N/A
orantinib	N/A	N/A	N/A	N/A	N/A	N/A	N/A	N/A	N/A	N/A
salvin	N/A	N/A	N/A	N/A	N/A	N/A	N/A	N/A	N/A	N/A
pyocyanin	N/A	N/A	N/A	N/A	N/A	N/A	N/A	N/A	N/A	N/A
Ear1/Ear2	N/A	N/A	N/A	N/A	N/A	N/A	N/A	N/A	N/A	N/A
tosylphenylalanyl chloromethyl ketone	N/A	N/A	N/A	N/A	N/A	N/A	N/A	N/A	N/A	N/A
formoterol	N/A	N/A	N/A	N/A	N/A	N/A	N/A	N/A	N/A	N/A
TFAP2A	N/A	N/A	N/A	N/A	N/A	N/A	N/A	N/A	N/A	N/A
oxytetracycline	N/A	N/A	N/A	N/A	N/A	N/A	N/A	N/A	N/A	N/A
3-hydroxydodecanoic acid	N/A	N/A	N/A	N/A	N/A	N/A	N/A	N/A	N/A	N/A
PLG	N/A	N/A	N/A	N/A	N/A	N/A	N/A	N/A	N/A	N/A
BECN1	N/A	N/A	N/A	N/A	N/A	N/A	N/A	N/A	N/A	N/A
EIF3E	N/A	N/A	N/A	N/A	N/A	N/A	N/A	N/A	N/A	N/A
MB	N/A	N/A	N/A	N/A	N/A	N/A	N/A	N/A	N/A	N/A
phosphorylethanolamine	N/A	N/A	N/A	N/A	N/A	N/A	N/A	N/A	N/A	N/A
IDR-1018	N/A	N/A	N/A	N/A	N/A	N/A	N/A	N/A	N/A	N/A
oltipraz	N/A	N/A	N/A	N/A	N/A	N/A	N/A	N/A	N/A	N/A
Wfdc17	N/A	N/A	N/A	N/A	N/A	N/A	N/A	N/A	N/A	N/A
zimelidine	N/A	N/A	N/A	N/A	N/A	N/A	N/A	N/A	N/A	N/A
TNFRSF8	N/A	N/A	N/A	N/A	N/A	N/A	N/A	N/A	N/A	N/A
monophosphoryl lipid A	N/A	N/A	N/A	N/A	N/A	N/A	N/A	N/A	N/A	N/A
KH1060	N/A	N/A	N/A	N/A	N/A	N/A	N/A	N/A	N/A	N/A
cinnamaldehyde	N/A	N/A	N/A	N/A	N/A	N/A	N/A	N/A	N/A	N/A
PRG3	N/A	N/A	N/A	N/A	N/A	N/A	N/A	N/A	N/A	N/A
myristoylated protein kinase C peptide inhibitor	N/A	N/A	N/A	N/A	N/A	N/A	N/A	N/A	N/A	N/A
PLA2G4E	N/A	N/A	N/A	N/A	N/A	N/A	N/A	N/A	N/A	N/A
HSPB6	N/A	N/A	N/A	N/A	N/A	N/A	N/A	N/A	N/A	N/A
LRRK2	N/A	N/A	N/A	N/A	N/A	N/A	N/A	N/A	N/A	N/A
poractant alfa	N/A	N/A	N/A	N/A	N/A	N/A	N/A	N/A	N/A	N/A
NFIX	N/A	N/A	N/A	N/A	N/A	N/A	N/A	N/A	N/A	N/A
CFHR3	N/A	N/A	N/A	N/A	N/A	N/A	N/A	N/A	N/A	N/A
DGKA	N/A	N/A	N/A	N/A	N/A	N/A	N/A	N/A	N/A	N/A
BMP type I receptor kinase inhibitor compound A	N/A	N/A	N/A	N/A	N/A	N/A	N/A	N/A	N/A	N/A
STAT5A	N/A	N/A	N/A	N/A	N/A	N/A	N/A	N/A	N/A	N/A
MINDY1	N/A	N/A	N/A	N/A	N/A	N/A	N/A	N/A	N/A	N/A
magnolol	N/A	N/A	N/A	N/A	N/A	N/A	N/A	N/A	N/A	N/A
FABP1	N/A	N/A	N/A	N/A	N/A	N/A	N/A	N/A	N/A	N/A
LECT2	N/A	N/A	N/A	N/A	N/A	N/A	N/A	N/A	N/A	N/A
IL1RL2	N/A	N/A	N/A	N/A	N/A	N/A	N/A	N/A	N/A	N/A
antrodia camphorata polysaccharide	N/A	N/A	N/A	N/A	N/A	N/A	N/A	N/A	N/A	N/A
GJC1	N/A	N/A	N/A	N/A	N/A	N/A	N/A	N/A	N/A	N/A
PYY	N/A	N/A	N/A	N/A	N/A	N/A	N/A	N/A	N/A	N/A
MM-589	N/A	N/A	N/A	N/A	N/A	N/A	N/A	N/A	N/A	N/A
RLN2	N/A	N/A	N/A	N/A	N/A	N/A	N/A	N/A	N/A	N/A
bis(4-hydroxyphenyl)sulfone	N/A	N/A	N/A	N/A	N/A	N/A	N/A	N/A	N/A	N/A
SLC25A1	N/A	N/A	N/A	N/A	N/A	N/A	N/A	N/A	N/A	N/A
PDX1	N/A	N/A	N/A	N/A	N/A	N/A	N/A	N/A	N/A	N/A
IKK-2 inhibitor VIII	N/A	N/A	N/A	N/A	N/A	N/A	N/A	N/A	N/A	N/A
advanced glycation end-products	N/A	N/A	N/A	N/A	N/A	N/A	N/A	N/A	N/A	N/A
octachlorodibenzo-4-dioxin	N/A	N/A	N/A	N/A	N/A	N/A	N/A	N/A	N/A	N/A
1,2,3,4,6,7,8-heptachlorodibenzofuran	N/A	N/A	N/A	N/A	N/A	N/A	N/A	N/A	N/A	N/A
paricalcitol	N/A	N/A	N/A	N/A	N/A	N/A	N/A	N/A	N/A	N/A
HBEGF	N/A	N/A	N/A	N/A	N/A	N/A	N/A	N/A	N/A	N/A
Ccl21b (includes others)	N/A	N/A	N/A	N/A	N/A	N/A	N/A	N/A	N/A	N/A
NEUROG1	N/A	N/A	N/A	N/A	N/A	N/A	N/A	N/A	N/A	N/A
ANK3	N/A	N/A	N/A	N/A	N/A	N/A	N/A	N/A	N/A	N/A
LPAR3	N/A	N/A	N/A	N/A	N/A	N/A	N/A	N/A	N/A	N/A
thioredoxin	N/A	N/A	N/A	N/A	N/A	N/A	N/A	N/A	N/A	N/A
KIF3B	N/A	N/A	N/A	N/A	N/A	N/A	N/A	N/A	N/A	N/A
KDM1A	N/A	N/A	N/A	N/A	N/A	N/A	N/A	N/A	N/A	N/A
RGS5	N/A	N/A	N/A	N/A	N/A	N/A	N/A	N/A	N/A	N/A
pustulan	N/A	N/A	N/A	N/A	N/A	N/A	N/A	N/A	N/A	N/A
AOPEP	N/A	N/A	N/A	N/A	N/A	N/A	N/A	N/A	N/A	N/A
MCB-613	N/A	N/A	N/A	N/A	N/A	N/A	N/A	N/A	N/A	N/A
Clec10a/Mgl2	N/A	N/A	N/A	N/A	N/A	N/A	N/A	N/A	N/A	N/A
FNDC5	N/A	N/A	N/A	N/A	N/A	N/A	N/A	N/A	N/A	N/A
SLC6A14	N/A	N/A	N/A	N/A	N/A	N/A	N/A	N/A	N/A	N/A
CCN5	N/A	N/A	N/A	N/A	N/A	N/A	N/A	N/A	N/A	N/A
ALDH5A1	N/A	N/A	N/A	N/A	N/A	N/A	N/A	N/A	N/A	N/A
IGFBP2	N/A	N/A	N/A	N/A	N/A	N/A	N/A	N/A	N/A	N/A
HOXA9	N/A	N/A	N/A	N/A	N/A	N/A	N/A	N/A	N/A	N/A
FAM3C	N/A	N/A	N/A	N/A	N/A	N/A	N/A	N/A	N/A	N/A
MPO	N/A	N/A	N/A	N/A	N/A	N/A	N/A	N/A	N/A	N/A
GPSM1	N/A	N/A	N/A	N/A	N/A	N/A	N/A	N/A	N/A	N/A
piceatannol	N/A	N/A	N/A	N/A	N/A	N/A	N/A	N/A	N/A	N/A
zinc	N/A	N/A	N/A	N/A	N/A	N/A	N/A	N/A	N/A	N/A
liarozole	N/A	N/A	N/A	N/A	N/A	N/A	N/A	N/A	N/A	N/A
tiotropium	N/A	N/A	N/A	N/A	N/A	N/A	N/A	N/A	N/A	N/A
potassium tetraperoxochromate	N/A	N/A	N/A	N/A	N/A	N/A	N/A	N/A	N/A	N/A
propionic acid	N/A	N/A	N/A	N/A	N/A	N/A	N/A	N/A	N/A	N/A
PLD1	N/A	N/A	N/A	N/A	N/A	N/A	N/A	N/A	N/A	N/A
TUG1	N/A	N/A	N/A	N/A	N/A	N/A	N/A	N/A	N/A	N/A
chelidonic acid	N/A	N/A	N/A	N/A	N/A	N/A	N/A	N/A	N/A	N/A
ERC1	N/A	N/A	N/A	N/A	N/A	N/A	N/A	N/A	N/A	N/A
TPSD1	N/A	N/A	N/A	N/A	N/A	N/A	N/A	N/A	N/A	N/A
CORT	N/A	N/A	N/A	N/A	N/A	N/A	N/A	N/A	N/A	N/A
teichoic acid	N/A	N/A	N/A	N/A	N/A	N/A	N/A	N/A	N/A	N/A
NT5E	N/A	N/A	N/A	N/A	N/A	N/A	N/A	N/A	N/A	N/A
cis-4,5-dihydroxy-4,5-dihydrobenzo(a)pyrene	N/A	N/A	N/A	N/A	N/A	N/A	N/A	N/A	N/A	N/A
hemin	N/A	N/A	N/A	N/A	N/A	N/A	N/A	N/A	N/A	N/A
immethridine	N/A	N/A	N/A	N/A	N/A	N/A	N/A	N/A	N/A	N/A
IL4, IL13	N/A	N/A	N/A	N/A	N/A	N/A	N/A	N/A	N/A	N/A
TNFAIP8	N/A	N/A	N/A	N/A	N/A	N/A	N/A	N/A	N/A	N/A
lead	N/A	N/A	N/A	N/A	N/A	N/A	N/A	N/A	N/A	N/A
arachidic acid	N/A	N/A	N/A	N/A	N/A	N/A	N/A	N/A	N/A	N/A
lipophosphonoglycan	N/A	N/A	N/A	N/A	N/A	N/A	N/A	N/A	N/A	N/A
N-acetylcytidine	N/A	N/A	N/A	N/A	N/A	N/A	N/A	N/A	N/A	N/A
CMAS	N/A	N/A	N/A	N/A	N/A	N/A	N/A	N/A	N/A	N/A
PPM1L	N/A	N/A	N/A	N/A	N/A	N/A	N/A	N/A	N/A	N/A
GABRA2	N/A	N/A	N/A	N/A	N/A	N/A	N/A	N/A	N/A	N/A
sphingomyelinase	N/A	N/A	N/A	N/A	N/A	N/A	N/A	N/A	N/A	N/A
SSTR2	N/A	N/A	N/A	N/A	N/A	N/A	N/A	N/A	N/A	N/A
HOXA5	N/A	N/A	N/A	N/A	N/A	N/A	N/A	N/A	N/A	N/A
S1PR1	N/A	N/A	N/A	N/A	N/A	N/A	N/A	N/A	N/A	N/A
N-CoR	N/A	N/A	N/A	N/A	N/A	N/A	N/A	N/A	N/A	N/A
cerotic acid	N/A	N/A	N/A	N/A	N/A	N/A	N/A	N/A	N/A	N/A
ITGAM	N/A	N/A	N/A	N/A	N/A	N/A	N/A	N/A	N/A	N/A
phenol	N/A	N/A	N/A	N/A	N/A	N/A	N/A	N/A	N/A	N/A
carbon monoxide	N/A	N/A	N/A	N/A	N/A	N/A	N/A	N/A	N/A	N/A
CRIP2	N/A	N/A	N/A	N/A	N/A	N/A	N/A	N/A	N/A	N/A
IL12RB1	N/A	N/A	N/A	N/A	N/A	N/A	N/A	N/A	N/A	N/A
saxagliptin	N/A	N/A	N/A	N/A	N/A	N/A	N/A	N/A	N/A	N/A
mezerein	N/A	N/A	N/A	N/A	N/A	N/A	N/A	N/A	N/A	N/A
MEP1A	N/A	N/A	N/A	N/A	N/A	N/A	N/A	N/A	N/A	N/A
L-homocysteine	N/A	N/A	N/A	N/A	N/A	N/A	N/A	N/A	N/A	N/A
ZBP1	N/A	N/A	N/A	N/A	N/A	N/A	N/A	N/A	N/A	N/A
NCOR/LXR/RXR/oxysterol/9 cis RA	N/A	N/A	N/A	N/A	N/A	N/A	N/A	N/A	N/A	N/A
TFEB	N/A	N/A	N/A	N/A	N/A	N/A	N/A	N/A	N/A	N/A
levofloxacin	N/A	N/A	N/A	N/A	N/A	N/A	N/A	N/A	N/A	N/A
ULBP2	N/A	N/A	N/A	N/A	N/A	N/A	N/A	N/A	N/A	N/A
EVX2	N/A	N/A	N/A	N/A	N/A	N/A	N/A	N/A	N/A	N/A
ANXA1	N/A	N/A	N/A	N/A	N/A	N/A	N/A	N/A	N/A	N/A
IFNL1	N/A	N/A	N/A	N/A	N/A	N/A	N/A	N/A	N/A	N/A
TEAD3	N/A	N/A	N/A	N/A	N/A	N/A	N/A	N/A	N/A	N/A
bisphosphonate	N/A	N/A	N/A	N/A	N/A	N/A	N/A	N/A	N/A	N/A
CRYAB	N/A	N/A	N/A	N/A	N/A	N/A	N/A	N/A	N/A	N/A
XK469	N/A	N/A	N/A	N/A	N/A	N/A	N/A	N/A	N/A	N/A
ZNF714	N/A	N/A	N/A	N/A	N/A	N/A	N/A	N/A	N/A	N/A
Ki-20227	N/A	N/A	N/A	N/A	N/A	N/A	N/A	N/A	N/A	N/A
roxadustat	N/A	N/A	N/A	N/A	N/A	N/A	N/A	N/A	N/A	N/A
IL1R2	N/A	N/A	N/A	N/A	N/A	N/A	N/A	N/A	N/A	N/A
GSDME	N/A	N/A	N/A	N/A	N/A	N/A	N/A	N/A	N/A	N/A
TNFRSF11B	N/A	N/A	N/A	N/A	N/A	N/A	N/A	N/A	N/A	N/A
Spag11a	N/A	N/A	N/A	N/A	N/A	N/A	N/A	N/A	N/A	N/A
lactulose	N/A	N/A	N/A	N/A	N/A	N/A	N/A	N/A	N/A	N/A
ITGAD	N/A	N/A	N/A	N/A	N/A	N/A	N/A	N/A	N/A	N/A
mucin	N/A	N/A	N/A	N/A	N/A	N/A	N/A	N/A	N/A	N/A
palmitoyl-Cys((RS)-2,3-di(palmitoyloxy)-propyl)-Ala-Gly-OH	N/A	N/A	N/A	N/A	N/A	N/A	N/A	N/A	N/A	N/A
CTSC	N/A	N/A	N/A	N/A	N/A	N/A	N/A	N/A	N/A	N/A
Y-320	N/A	N/A	N/A	N/A	N/A	N/A	N/A	N/A	N/A	N/A
FPR2	N/A	N/A	N/A	N/A	N/A	N/A	N/A	N/A	N/A	N/A
eugenol	N/A	N/A	N/A	N/A	N/A	N/A	N/A	N/A	N/A	N/A
vitamin D	N/A	N/A	N/A	N/A	N/A	N/A	N/A	N/A	N/A	N/A
GJA1	N/A	N/A	N/A	N/A	N/A	N/A	N/A	N/A	N/A	N/A
NLGN1	N/A	N/A	N/A	N/A	N/A	N/A	N/A	N/A	N/A	N/A
ITPR	N/A	N/A	N/A	N/A	N/A	N/A	N/A	N/A	N/A	N/A
CCN2	N/A	N/A	N/A	N/A	N/A	N/A	N/A	N/A	N/A	N/A
ZSCAN20	N/A	N/A	N/A	N/A	N/A	N/A	N/A	N/A	N/A	N/A
lemairamin	N/A	N/A	N/A	N/A	N/A	N/A	N/A	N/A	N/A	N/A
Casp4	N/A	N/A	N/A	N/A	N/A	N/A	N/A	N/A	N/A	N/A
TAC peptide	N/A	N/A	N/A	N/A	N/A	N/A	N/A	N/A	N/A	N/A
EBF3	N/A	N/A	N/A	N/A	N/A	N/A	N/A	N/A	N/A	N/A
alpha-mannan	N/A	N/A	N/A	N/A	N/A	N/A	N/A	N/A	N/A	N/A
doxycycline	N/A	N/A	N/A	N/A	N/A	N/A	N/A	N/A	N/A	N/A
TNF receptor	N/A	N/A	N/A	N/A	N/A	N/A	N/A	N/A	N/A	N/A
SLC9A1	N/A	N/A	N/A	N/A	N/A	N/A	N/A	N/A	N/A	N/A
RECQL	N/A	N/A	N/A	N/A	N/A	N/A	N/A	N/A	N/A	N/A
promegestone	N/A	N/A	N/A	N/A	N/A	N/A	N/A	N/A	N/A	N/A
PRPH	N/A	N/A	N/A	N/A	N/A	N/A	N/A	N/A	N/A	N/A
puromycin	N/A	N/A	N/A	N/A	N/A	N/A	N/A	N/A	N/A	N/A
CDKN2B-AS1	N/A	N/A	N/A	N/A	N/A	N/A	N/A	N/A	N/A	N/A
PPDPF	N/A	N/A	N/A	N/A	N/A	N/A	N/A	N/A	N/A	N/A
GPR68	N/A	N/A	N/A	N/A	N/A	N/A	N/A	N/A	N/A	N/A
PIM3	N/A	N/A	N/A	N/A	N/A	N/A	N/A	N/A	N/A	N/A
TLR8	N/A	N/A	N/A	N/A	N/A	N/A	N/A	N/A	N/A	N/A
GPR120 compound A	N/A	N/A	N/A	N/A	N/A	N/A	N/A	N/A	N/A	N/A
TFAP2B	N/A	N/A	N/A	N/A	N/A	N/A	N/A	N/A	N/A	N/A
canakinumab	N/A	N/A	N/A	N/A	N/A	N/A	N/A	N/A	N/A	N/A
TRAIP	N/A	N/A	N/A	N/A	N/A	N/A	N/A	N/A	N/A	N/A
3,4,5,3',4',5'-hexachlorobiphenyl	N/A	N/A	N/A	N/A	N/A	N/A	N/A	N/A	N/A	N/A
oblimersen	N/A	N/A	N/A	N/A	N/A	N/A	N/A	N/A	N/A	N/A
DIO2	N/A	N/A	N/A	N/A	N/A	N/A	N/A	N/A	N/A	N/A
16alpha-hydroxyestrone	N/A	N/A	N/A	N/A	N/A	N/A	N/A	N/A	N/A	N/A
TMEM106A	N/A	N/A	N/A	N/A	N/A	N/A	N/A	N/A	N/A	N/A
piperine	N/A	N/A	N/A	N/A	N/A	N/A	N/A	N/A	N/A	N/A
nicotiflorin	N/A	N/A	N/A	N/A	N/A	N/A	N/A	N/A	N/A	N/A
1,2,3,7,8-pentachlorodibenzo-p-dioxin	N/A	N/A	N/A	N/A	N/A	N/A	N/A	N/A	N/A	N/A
CLIC1	N/A	N/A	N/A	N/A	N/A	N/A	N/A	N/A	N/A	N/A
CARD17P	N/A	N/A	N/A	N/A	N/A	N/A	N/A	N/A	N/A	N/A
TNFSF14	N/A	N/A	N/A	N/A	N/A	N/A	N/A	N/A	N/A	N/A
G6PC1	N/A	N/A	N/A	N/A	N/A	N/A	N/A	N/A	N/A	N/A
gefitinib	N/A	N/A	N/A	N/A	N/A	N/A	N/A	N/A	N/A	N/A
26S proteasome	N/A	N/A	N/A	N/A	N/A	N/A	N/A	N/A	N/A	N/A
(S,R)-3-(4-hydroxyphenyl)-4,5-dihydro-5-isoxazole acetic acid, methyl ester	N/A	N/A	N/A	N/A	N/A	N/A	N/A	N/A	N/A	N/A
LTB4R	N/A	N/A	N/A	N/A	N/A	N/A	N/A	N/A	N/A	N/A
PRN694	N/A	N/A	N/A	N/A	N/A	N/A	N/A	N/A	N/A	N/A
AZD1390	N/A	N/A	N/A	N/A	N/A	N/A	N/A	N/A	N/A	N/A
nitroglycerin	N/A	N/A	N/A	N/A	N/A	N/A	N/A	N/A	N/A	N/A
chlorophacinone	N/A	N/A	N/A	N/A	N/A	N/A	N/A	N/A	N/A	N/A
NKX3-1	N/A	N/A	N/A	N/A	N/A	N/A	N/A	N/A	N/A	N/A
geranylgeranyl pyrophosphate	N/A	N/A	N/A	N/A	N/A	N/A	N/A	N/A	N/A	N/A
6-n-octylaminouracil	N/A	N/A	N/A	N/A	N/A	N/A	N/A	N/A	N/A	N/A
ATF3	N/A	N/A	N/A	0.0	0.0	N/A	N/A	N/A	N/A	N/A
APOD	N/A	N/A	N/A	N/A	N/A	N/A	N/A	N/A	N/A	N/A
IL1F10	N/A	N/A	N/A	N/A	N/A	N/A	N/A	N/A	N/A	N/A
RC3H1	N/A	N/A	N/A	N/A	N/A	N/A	N/A	N/A	N/A	N/A
SENP6	N/A	N/A	N/A	N/A	N/A	N/A	N/A	N/A	N/A	N/A
P2RX7	N/A	N/A	N/A	N/A	N/A	N/A	N/A	N/A	N/A	N/A
CYP7B1	N/A	N/A	N/A	N/A	N/A	N/A	N/A	N/A	N/A	N/A
BMP10	N/A	N/A	N/A	N/A	N/A	N/A	N/A	N/A	N/A	N/A
GSTO1	N/A	N/A	N/A	N/A	N/A	N/A	N/A	N/A	N/A	N/A
dieldrin	N/A	N/A	N/A	N/A	N/A	N/A	N/A	N/A	N/A	N/A
MYOCD	N/A	N/A	N/A	N/A	N/A	N/A	N/A	N/A	N/A	N/A
HSP90B1	N/A	N/A	N/A	N/A	N/A	N/A	N/A	N/A	N/A	N/A
fangchinoline	N/A	N/A	N/A	N/A	N/A	N/A	N/A	N/A	N/A	N/A
MAZ	N/A	N/A	N/A	N/A	N/A	N/A	N/A	N/A	N/A	N/A
SPHKAP	N/A	N/A	N/A	N/A	N/A	N/A	N/A	N/A	N/A	N/A
ibuprofen	N/A	N/A	N/A	N/A	N/A	N/A	N/A	N/A	N/A	N/A
SLC35E1	N/A	N/A	N/A	N/A	N/A	N/A	N/A	N/A	N/A	N/A
malvidin	N/A	N/A	N/A	N/A	N/A	N/A	N/A	N/A	N/A	N/A
GRM2	N/A	N/A	N/A	N/A	N/A	N/A	N/A	N/A	N/A	N/A
FGF6	N/A	N/A	N/A	N/A	N/A	N/A	N/A	N/A	N/A	N/A
IL4I1	N/A	N/A	N/A	N/A	N/A	N/A	N/A	N/A	N/A	N/A
MLYCD	N/A	N/A	N/A	N/A	N/A	N/A	N/A	N/A	N/A	N/A
XIAP	N/A	N/A	N/A	N/A	N/A	N/A	N/A	N/A	N/A	N/A
rabeprazole	N/A	N/A	N/A	N/A	N/A	N/A	N/A	N/A	N/A	N/A
9-hydroxybenzo(a)pyrene	N/A	N/A	N/A	N/A	N/A	N/A	N/A	N/A	N/A	N/A
glycitein	N/A	N/A	N/A	N/A	N/A	N/A	N/A	N/A	N/A	N/A
BASP1	N/A	N/A	N/A	N/A	N/A	N/A	N/A	N/A	N/A	N/A
FBXO44	N/A	N/A	N/A	N/A	N/A	N/A	N/A	N/A	N/A	N/A
MIR4508	N/A	N/A	N/A	N/A	N/A	N/A	N/A	N/A	N/A	N/A
ERO1A	N/A	N/A	N/A	N/A	N/A	N/A	N/A	N/A	N/A	N/A
ibudilast	N/A	N/A	N/A	N/A	N/A	N/A	N/A	N/A	N/A	N/A
HLA/DQ	N/A	N/A	N/A	N/A	N/A	N/A	N/A	N/A	N/A	N/A
CXCL16	N/A	N/A	N/A	N/A	N/A	N/A	N/A	N/A	N/A	N/A
Il36a	N/A	N/A	N/A	N/A	N/A	N/A	N/A	N/A	N/A	N/A
oxalic acid	N/A	N/A	N/A	N/A	N/A	N/A	N/A	N/A	N/A	N/A
TBK1	N/A	N/A	N/A	N/A	N/A	N/A	N/A	N/A	N/A	N/A
bempedoic acid	N/A	N/A	N/A	N/A	N/A	N/A	N/A	N/A	N/A	N/A
NR1H2,3:RXR:NR1H2,3 ligand:ABCG8 gene	N/A	N/A	N/A	N/A	N/A	N/A	N/A	N/A	N/A	N/A
UBE2D2	N/A	N/A	N/A	N/A	N/A	N/A	N/A	N/A	N/A	N/A
CES1	N/A	N/A	N/A	N/A	N/A	N/A	N/A	N/A	N/A	N/A
NADPH oxidase	N/A	N/A	N/A	N/A	N/A	N/A	N/A	N/A	N/A	N/A
GPRC5A	N/A	N/A	N/A	N/A	N/A	N/A	N/A	N/A	N/A	N/A
BV6	N/A	N/A	N/A	N/A	N/A	N/A	N/A	N/A	N/A	N/A
IKBKE	N/A	N/A	N/A	N/A	N/A	N/A	N/A	N/A	N/A	N/A
PMEL	N/A	N/A	N/A	N/A	N/A	N/A	N/A	N/A	N/A	N/A
SMARCD1	N/A	N/A	N/A	N/A	N/A	N/A	N/A	N/A	N/A	N/A
CCL7	N/A	N/A	N/A	N/A	N/A	N/A	N/A	N/A	N/A	N/A
IKBKB-DT	N/A	N/A	N/A	N/A	N/A	N/A	N/A	N/A	N/A	N/A
SELENOT	N/A	N/A	N/A	N/A	N/A	N/A	N/A	N/A	N/A	N/A
CXCL17	N/A	N/A	N/A	N/A	N/A	N/A	N/A	N/A	N/A	N/A
TMEM9B	N/A	N/A	N/A	N/A	N/A	N/A	N/A	N/A	N/A	N/A
FLII	N/A	N/A	N/A	N/A	N/A	N/A	N/A	N/A	N/A	N/A
delta-9-tetrahydrocannabinol	N/A	N/A	N/A	N/A	N/A	N/A	N/A	N/A	N/A	N/A
chrysophanic acid	N/A	N/A	N/A	N/A	N/A	N/A	N/A	N/A	N/A	N/A
PYDC1	N/A	N/A	N/A	N/A	N/A	N/A	N/A	N/A	N/A	N/A
HS6ST2	N/A	N/A	N/A	N/A	N/A	N/A	N/A	N/A	N/A	N/A
TYRO3	N/A	N/A	N/A	N/A	N/A	N/A	N/A	N/A	N/A	N/A
Rpl-1 (includes others)	N/A	N/A	N/A	N/A	N/A	N/A	N/A	N/A	N/A	N/A
PPP2R5C	N/A	N/A	N/A	N/A	N/A	N/A	N/A	N/A	N/A	N/A
FOSL2	N/A	N/A	N/A	N/A	N/A	N/A	N/A	N/A	N/A	N/A
WFS1	N/A	N/A	N/A	N/A	N/A	N/A	N/A	N/A	N/A	N/A
ASIP	N/A	N/A	N/A	N/A	N/A	N/A	N/A	N/A	N/A	N/A
mirdametinib	N/A	N/A	N/A	N/A	N/A	N/A	N/A	N/A	N/A	N/A
xylooligosaccharide	N/A	N/A	N/A	N/A	N/A	N/A	N/A	N/A	N/A	N/A
ITGB2	N/A	N/A	N/A	N/A	N/A	N/A	N/A	N/A	N/A	N/A
PLA2G4D	N/A	N/A	N/A	N/A	N/A	N/A	N/A	N/A	N/A	N/A
potassium iodide	N/A	N/A	N/A	N/A	N/A	N/A	N/A	N/A	N/A	N/A
biliverdine	N/A	N/A	N/A	N/A	N/A	N/A	N/A	N/A	N/A	N/A
CDX1	N/A	N/A	N/A	N/A	N/A	N/A	N/A	N/A	N/A	N/A
FGF9	N/A	N/A	N/A	N/A	N/A	N/A	N/A	N/A	N/A	N/A
miR-151-3p (and other miRNAs w/seed UAGACUG)	N/A	N/A	N/A	N/A	N/A	N/A	N/A	N/A	N/A	N/A
MAML	N/A	N/A	N/A	N/A	N/A	N/A	N/A	N/A	N/A	N/A
HSPB8	N/A	N/A	N/A	N/A	N/A	N/A	N/A	N/A	N/A	N/A
EZR	N/A	N/A	N/A	N/A	N/A	N/A	N/A	N/A	N/A	N/A
asbestos	N/A	N/A	N/A	N/A	N/A	N/A	N/A	N/A	N/A	N/A
CPTP	N/A	N/A	N/A	N/A	N/A	N/A	N/A	N/A	N/A	N/A
VRK2	N/A	N/A	N/A	N/A	N/A	N/A	N/A	N/A	N/A	N/A
verteporfin	N/A	N/A	N/A	N/A	N/A	N/A	N/A	N/A	N/A	N/A
MHC I (family)	N/A	N/A	N/A	N/A	N/A	N/A	N/A	N/A	N/A	N/A
NUP98-HOXA9	N/A	N/A	N/A	N/A	N/A	N/A	N/A	N/A	N/A	N/A
NPR1	N/A	N/A	N/A	N/A	N/A	N/A	N/A	N/A	N/A	N/A
1,2,3,6,7,8-hexachlorodibenzofuran	N/A	N/A	N/A	N/A	N/A	N/A	N/A	N/A	N/A	N/A
ADAMTSL2	N/A	N/A	N/A	N/A	N/A	N/A	N/A	N/A	N/A	N/A
clomiphene	N/A	N/A	N/A	N/A	N/A	N/A	N/A	N/A	N/A	N/A
BGP 15	N/A	N/A	N/A	N/A	N/A	N/A	N/A	N/A	N/A	N/A
PDIA4	N/A	N/A	N/A	N/A	N/A	N/A	N/A	N/A	N/A	N/A
methoxyluteolin	N/A	N/A	N/A	N/A	N/A	N/A	N/A	N/A	N/A	N/A
betaxolol	N/A	N/A	N/A	N/A	N/A	N/A	N/A	N/A	N/A	N/A
IL1RAP	N/A	N/A	N/A	N/A	N/A	N/A	N/A	N/A	N/A	N/A
9-ethyl-3-nitro-9H-carbazole	N/A	N/A	N/A	N/A	N/A	N/A	N/A	N/A	N/A	N/A
miR-324-5p (miRNAs w/seed GCAUCCC)	N/A	N/A	N/A	N/A	N/A	N/A	N/A	N/A	N/A	N/A
CD5L	N/A	N/A	N/A	N/A	N/A	N/A	N/A	N/A	N/A	N/A
sotorasib	N/A	N/A	N/A	N/A	N/A	N/A	N/A	N/A	N/A	N/A
PCDH1	N/A	N/A	N/A	N/A	N/A	N/A	N/A	N/A	N/A	N/A
APELA	N/A	N/A	N/A	N/A	N/A	N/A	N/A	N/A	N/A	N/A
SNHG4	N/A	N/A	N/A	N/A	N/A	N/A	N/A	N/A	N/A	N/A
gallic acid	N/A	N/A	N/A	N/A	N/A	N/A	N/A	N/A	N/A	N/A
chromium	N/A	N/A	N/A	N/A	N/A	N/A	N/A	N/A	N/A	N/A
ADM2	N/A	N/A	N/A	N/A	N/A	N/A	N/A	N/A	N/A	N/A
TNIP1	N/A	N/A	N/A	N/A	N/A	N/A	N/A	N/A	N/A	N/A
urotensin II	N/A	N/A	N/A	N/A	N/A	N/A	N/A	N/A	N/A	N/A
meclizine	N/A	N/A	N/A	N/A	N/A	N/A	N/A	N/A	N/A	N/A
CDK8	N/A	N/A	N/A	N/A	N/A	N/A	N/A	N/A	N/A	N/A
cetuximab/radiotherapy	N/A	N/A	N/A	N/A	N/A	N/A	N/A	N/A	N/A	N/A
TCMCB07	N/A	N/A	N/A	N/A	N/A	N/A	N/A	N/A	N/A	N/A
cibacron blue F 3GA	N/A	N/A	N/A	N/A	N/A	N/A	N/A	N/A	N/A	N/A
etidronic acid	N/A	N/A	N/A	N/A	N/A	N/A	N/A	N/A	N/A	N/A
lomustine	N/A	N/A	N/A	N/A	N/A	N/A	N/A	N/A	N/A	N/A
daporinad	N/A	N/A	N/A	N/A	N/A	N/A	N/A	N/A	N/A	N/A
IL26	N/A	N/A	N/A	N/A	N/A	N/A	N/A	N/A	N/A	N/A
RASGRP4	N/A	N/A	N/A	N/A	N/A	N/A	N/A	N/A	N/A	N/A
leflunomide	N/A	N/A	N/A	N/A	N/A	N/A	N/A	N/A	N/A	N/A
ACOD1	N/A	N/A	N/A	N/A	N/A	N/A	N/A	N/A	N/A	N/A
treprostinil	N/A	N/A	N/A	N/A	N/A	N/A	N/A	N/A	N/A	N/A
perillic acid	N/A	N/A	N/A	N/A	N/A	N/A	N/A	N/A	N/A	N/A
Cd163	N/A	N/A	N/A	N/A	N/A	N/A	N/A	N/A	N/A	N/A
PDK	N/A	N/A	N/A	N/A	N/A	N/A	N/A	N/A	N/A	N/A
mir-186	N/A	N/A	N/A	N/A	N/A	N/A	N/A	N/A	N/A	N/A
12-hydroxyeicosatetraenoic acid	N/A	N/A	N/A	N/A	N/A	N/A	N/A	N/A	N/A	N/A
K-252	N/A	N/A	N/A	N/A	N/A	N/A	N/A	N/A	N/A	N/A
MAP3K3	N/A	N/A	N/A	N/A	N/A	N/A	N/A	N/A	N/A	N/A
CYP8B1	N/A	N/A	N/A	N/A	N/A	N/A	N/A	N/A	N/A	N/A
potassium cyanide	N/A	N/A	N/A	N/A	N/A	N/A	N/A	N/A	N/A	N/A
CLCN3	N/A	N/A	N/A	N/A	N/A	N/A	N/A	N/A	N/A	N/A
IL12RB2/IL23R	N/A	N/A	N/A	N/A	N/A	N/A	N/A	N/A	N/A	N/A
WNT2	N/A	N/A	N/A	N/A	N/A	N/A	N/A	N/A	N/A	N/A
KNG1	N/A	N/A	N/A	N/A	N/A	N/A	N/A	N/A	N/A	N/A
ETV7	N/A	N/A	N/A	N/A	N/A	N/A	N/A	N/A	N/A	N/A
chrysin	N/A	N/A	N/A	N/A	N/A	N/A	N/A	N/A	N/A	N/A
G protein i	N/A	N/A	N/A	N/A	N/A	N/A	N/A	N/A	N/A	N/A
MVP	N/A	N/A	N/A	N/A	N/A	N/A	N/A	N/A	N/A	N/A
TAFA4	N/A	N/A	N/A	N/A	N/A	N/A	N/A	N/A	N/A	N/A
pentoxifylline	N/A	N/A	N/A	N/A	N/A	N/A	N/A	N/A	N/A	N/A
Boc-D-FMK	N/A	N/A	N/A	N/A	N/A	N/A	N/A	N/A	N/A	N/A
FGF3	N/A	N/A	N/A	N/A	N/A	N/A	N/A	N/A	N/A	N/A
PHB2	N/A	N/A	N/A	N/A	N/A	N/A	N/A	N/A	N/A	N/A
ADORA2A	N/A	N/A	N/A	N/A	N/A	N/A	N/A	N/A	N/A	N/A
DLG3	N/A	N/A	N/A	N/A	N/A	N/A	N/A	N/A	N/A	N/A
CD86	N/A	N/A	N/A	N/A	N/A	N/A	N/A	N/A	N/A	N/A
ADAMTS1	N/A	N/A	N/A	N/A	N/A	N/A	N/A	N/A	N/A	N/A
DPP4	N/A	N/A	N/A	N/A	N/A	N/A	N/A	N/A	N/A	N/A
5-hydroxymethylfurfural	N/A	N/A	N/A	N/A	N/A	N/A	N/A	N/A	N/A	N/A
LINC00924	N/A	N/A	N/A	N/A	N/A	N/A	N/A	N/A	N/A	N/A
B3GNT2	N/A	N/A	N/A	N/A	N/A	N/A	N/A	N/A	N/A	N/A
methapyrilene	N/A	N/A	N/A	N/A	N/A	N/A	N/A	N/A	N/A	N/A
teasaponin	N/A	N/A	N/A	N/A	N/A	N/A	N/A	N/A	N/A	N/A
MDK	N/A	N/A	N/A	N/A	N/A	N/A	N/A	N/A	N/A	N/A
meds433	N/A	N/A	N/A	N/A	N/A	N/A	N/A	N/A	N/A	N/A
STAT6 dimer	N/A	N/A	N/A	N/A	N/A	N/A	N/A	N/A	N/A	N/A
ANKS6	N/A	N/A	N/A	N/A	N/A	N/A	N/A	N/A	N/A	N/A
LINC00174	N/A	N/A	N/A	N/A	N/A	N/A	N/A	N/A	N/A	N/A
IKBIP	N/A	N/A	N/A	N/A	N/A	N/A	N/A	N/A	N/A	N/A
pro-inflammatory cytokine	N/A	N/A	N/A	N/A	N/A	N/A	N/A	N/A	N/A	N/A
TNC	N/A	N/A	N/A	N/A	N/A	N/A	N/A	N/A	N/A	N/A
ALPK1	N/A	N/A	N/A	N/A	N/A	N/A	N/A	N/A	N/A	N/A
momelotinib	N/A	N/A	N/A	N/A	N/A	N/A	N/A	N/A	N/A	N/A
BATF	N/A	N/A	N/A	N/A	N/A	N/A	N/A	N/A	N/A	N/A
TTK	N/A	N/A	N/A	N/A	N/A	N/A	N/A	N/A	N/A	N/A
leucine	N/A	N/A	N/A	N/A	N/A	N/A	N/A	N/A	N/A	N/A
JAK3	N/A	N/A	N/A	N/A	N/A	N/A	N/A	N/A	N/A	N/A
HMGB2	N/A	N/A	N/A	N/A	N/A	N/A	N/A	N/A	N/A	N/A
SIGIRR	N/A	N/A	N/A	N/A	N/A	N/A	N/A	N/A	N/A	N/A
fluocinolone acetonide	N/A	N/A	N/A	N/A	N/A	N/A	N/A	N/A	N/A	N/A
KLRG1	N/A	N/A	N/A	N/A	N/A	N/A	N/A	N/A	N/A	N/A
AP1 gamma	N/A	N/A	N/A	N/A	N/A	N/A	N/A	N/A	N/A	N/A
HDAC1	N/A	N/A	N/A	N/A	N/A	N/A	N/A	N/A	N/A	N/A
propiconazole	N/A	N/A	N/A	N/A	N/A	N/A	N/A	N/A	N/A	N/A
CASP1	N/A	N/A	N/A	N/A	N/A	N/A	N/A	N/A	N/A	N/A
CSF1R	N/A	N/A	N/A	N/A	N/A	N/A	N/A	N/A	N/A	N/A
MAP3K10	N/A	N/A	N/A	N/A	N/A	N/A	N/A	N/A	N/A	N/A
HTRA1	N/A	N/A	N/A	N/A	N/A	N/A	N/A	N/A	N/A	N/A
KLF7	N/A	N/A	N/A	N/A	N/A	N/A	N/A	N/A	N/A	N/A
RSK	N/A	N/A	N/A	N/A	N/A	N/A	N/A	N/A	N/A	N/A
fucoidin	N/A	N/A	N/A	N/A	N/A	N/A	N/A	N/A	N/A	N/A
pyridoxamine	N/A	N/A	N/A	N/A	N/A	N/A	N/A	N/A	N/A	N/A
phenylmethylsulfonyl fluoride	N/A	N/A	N/A	N/A	N/A	N/A	N/A	N/A	N/A	N/A
mir-331	N/A	N/A	N/A	N/A	N/A	N/A	N/A	N/A	N/A	N/A
leucyl-leucine-methyl ester	N/A	N/A	N/A	N/A	N/A	N/A	N/A	N/A	N/A	N/A
dehydrocorybulbine	N/A	N/A	N/A	N/A	N/A	N/A	N/A	N/A	N/A	N/A
MED13	N/A	N/A	N/A	N/A	N/A	N/A	N/A	N/A	N/A	N/A
ponatinib	N/A	N/A	N/A	N/A	N/A	N/A	N/A	N/A	N/A	N/A
CEACAM5	N/A	N/A	N/A	N/A	N/A	N/A	N/A	N/A	N/A	N/A
mir-766	N/A	N/A	N/A	N/A	N/A	N/A	N/A	N/A	N/A	N/A
1-palmitoyl-2-oleoylphosphatidyl-D-serine	N/A	N/A	N/A	N/A	N/A	N/A	N/A	N/A	N/A	N/A
Prl3b1	N/A	N/A	N/A	N/A	N/A	N/A	N/A	N/A	N/A	N/A
arsenic acid	N/A	N/A	N/A	N/A	N/A	N/A	N/A	N/A	N/A	N/A
TANK	N/A	N/A	N/A	N/A	N/A	N/A	N/A	N/A	N/A	N/A
AKT2	N/A	N/A	N/A	N/A	N/A	N/A	N/A	N/A	N/A	N/A
MAP7D3	N/A	N/A	N/A	N/A	N/A	N/A	N/A	N/A	N/A	N/A
GSK583	N/A	N/A	N/A	N/A	N/A	N/A	N/A	N/A	N/A	N/A
PCK1	N/A	N/A	N/A	N/A	N/A	N/A	N/A	N/A	N/A	N/A
32-134D	N/A	N/A	N/A	N/A	N/A	N/A	N/A	N/A	N/A	N/A
COLGALT2	N/A	N/A	N/A	N/A	N/A	N/A	N/A	N/A	N/A	N/A
ZNF410	N/A	N/A	N/A	N/A	N/A	N/A	N/A	N/A	N/A	N/A
PRKAG2	N/A	N/A	N/A	N/A	N/A	N/A	N/A	N/A	N/A	N/A
PSMB8	N/A	N/A	N/A	N/A	N/A	N/A	N/A	N/A	N/A	N/A
Cd209a	N/A	N/A	N/A	N/A	N/A	N/A	N/A	N/A	N/A	N/A
fluorocitric acid	N/A	N/A	N/A	N/A	N/A	N/A	N/A	N/A	N/A	N/A
5-N-ethylcarboxamido adenosine	N/A	N/A	N/A	N/A	N/A	N/A	N/A	N/A	N/A	N/A
MAP2K4	N/A	N/A	N/A	N/A	N/A	N/A	N/A	N/A	N/A	N/A
NR2F2	N/A	N/A	N/A	N/A	N/A	N/A	N/A	N/A	N/A	N/A
SMPD1	N/A	N/A	N/A	N/A	N/A	N/A	N/A	N/A	N/A	N/A
ZDHHC12	N/A	N/A	N/A	N/A	N/A	N/A	N/A	N/A	N/A	N/A
TOLLIP	N/A	N/A	N/A	N/A	N/A	N/A	N/A	N/A	N/A	N/A
1,4-glucan	N/A	N/A	N/A	N/A	N/A	N/A	N/A	N/A	N/A	N/A
SOD3	N/A	N/A	N/A	N/A	N/A	N/A	N/A	N/A	N/A	N/A
TLN1	N/A	N/A	N/A	N/A	N/A	N/A	N/A	N/A	N/A	N/A
azilsartan	N/A	N/A	N/A	N/A	N/A	N/A	N/A	N/A	N/A	N/A
SHP099	N/A	N/A	N/A	N/A	N/A	N/A	N/A	N/A	N/A	N/A
PROS1	N/A	N/A	N/A	N/A	N/A	N/A	N/A	N/A	N/A	N/A
S-nitrosoglutathione	N/A	N/A	N/A	N/A	N/A	N/A	N/A	N/A	N/A	N/A
RANBP3L	N/A	N/A	N/A	N/A	N/A	N/A	N/A	N/A	N/A	N/A
Mir122a/b	N/A	N/A	N/A	N/A	N/A	N/A	N/A	N/A	N/A	N/A
RAB7B	N/A	N/A	N/A	N/A	N/A	N/A	N/A	N/A	N/A	N/A
afamelanotide	N/A	N/A	N/A	N/A	N/A	N/A	N/A	N/A	N/A	N/A
phloroglucinol	N/A	N/A	N/A	N/A	N/A	N/A	N/A	N/A	N/A	N/A
RUNX1-IT1	N/A	N/A	N/A	N/A	N/A	N/A	N/A	N/A	N/A	N/A
casticin	N/A	N/A	N/A	N/A	N/A	N/A	N/A	N/A	N/A	N/A
CYBC1	N/A	N/A	N/A	N/A	N/A	N/A	N/A	N/A	N/A	N/A
HDAC3	N/A	N/A	N/A	N/A	N/A	N/A	N/A	N/A	N/A	N/A
OTULIN	N/A	N/A	N/A	N/A	N/A	N/A	N/A	N/A	N/A	N/A
propofol	N/A	N/A	N/A	N/A	N/A	N/A	N/A	N/A	N/A	N/A
UTP	N/A	N/A	N/A	N/A	N/A	N/A	N/A	N/A	N/A	N/A
SELPLG	N/A	N/A	N/A	N/A	N/A	N/A	N/A	N/A	N/A	N/A
cilostazol	N/A	N/A	N/A	N/A	N/A	N/A	N/A	N/A	N/A	N/A
apamin	N/A	N/A	N/A	N/A	N/A	N/A	N/A	N/A	N/A	N/A
SRI	N/A	N/A	N/A	N/A	N/A	N/A	N/A	N/A	N/A	N/A
HSPB1	N/A	N/A	N/A	N/A	N/A	N/A	N/A	N/A	N/A	N/A
mir-488	N/A	N/A	N/A	N/A	N/A	N/A	N/A	N/A	N/A	N/A
HECW1	N/A	N/A	N/A	N/A	N/A	N/A	N/A	N/A	N/A	N/A
H-7	N/A	N/A	N/A	N/A	N/A	N/A	N/A	N/A	N/A	N/A
patulin	N/A	N/A	N/A	N/A	N/A	N/A	N/A	N/A	N/A	N/A
CHD3	N/A	N/A	N/A	N/A	N/A	N/A	N/A	N/A	N/A	N/A
molibresib	N/A	N/A	N/A	N/A	N/A	N/A	N/A	N/A	N/A	N/A
RBM39	N/A	N/A	N/A	N/A	N/A	N/A	N/A	N/A	N/A	N/A
NIK	N/A	N/A	N/A	N/A	N/A	N/A	N/A	N/A	N/A	N/A
miR-718 (miRNAs w/seed UUCCGCC)	N/A	N/A	N/A	N/A	N/A	N/A	N/A	N/A	N/A	N/A
miR-374b-5p (and other miRNAs w/seed UAUAAUA)	N/A	N/A	N/A	N/A	N/A	N/A	N/A	N/A	N/A	N/A
SRGN	N/A	N/A	N/A	N/A	N/A	N/A	N/A	N/A	N/A	N/A
XMU-MP-1	N/A	N/A	N/A	N/A	N/A	N/A	N/A	N/A	N/A	N/A
TCF	N/A	N/A	N/A	N/A	N/A	N/A	N/A	N/A	N/A	N/A
zVAD-FMK	N/A	N/A	N/A	N/A	N/A	N/A	N/A	N/A	N/A	N/A
navitoclax	N/A	N/A	N/A	N/A	N/A	N/A	N/A	N/A	N/A	N/A
BAG2	N/A	N/A	N/A	N/A	N/A	N/A	N/A	N/A	N/A	N/A
corticosteroid	N/A	N/A	N/A	N/A	N/A	N/A	N/A	N/A	N/A	N/A
L-buthionine (SR)-sulfoximine	N/A	N/A	N/A	N/A	N/A	N/A	N/A	N/A	N/A	N/A
Havcr1	N/A	N/A	N/A	N/A	N/A	N/A	N/A	N/A	N/A	N/A
I-BET-151	N/A	N/A	N/A	N/A	N/A	N/A	N/A	N/A	N/A	N/A
1-palmitoyl-2-azelaoyl phosphatidylcholine	N/A	N/A	N/A	N/A	N/A	N/A	N/A	N/A	N/A	N/A
SCAP	N/A	N/A	N/A	N/A	N/A	N/A	N/A	N/A	N/A	N/A
ADI PEG20	N/A	N/A	N/A	N/A	N/A	N/A	N/A	N/A	N/A	N/A
carnobyl iron	N/A	N/A	N/A	N/A	N/A	N/A	N/A	N/A	N/A	N/A
sodium iodate	N/A	N/A	N/A	N/A	N/A	N/A	N/A	N/A	N/A	N/A
vidupiprant	N/A	N/A	N/A	N/A	N/A	N/A	N/A	N/A	N/A	N/A
MMP1	N/A	N/A	N/A	N/A	N/A	N/A	N/A	N/A	N/A	N/A
Z-YVAD-FMK	N/A	N/A	N/A	N/A	N/A	N/A	N/A	N/A	N/A	N/A
Gd3+	N/A	N/A	N/A	N/A	N/A	N/A	N/A	N/A	N/A	N/A
lobeglitazone	N/A	N/A	N/A	N/A	N/A	N/A	N/A	N/A	N/A	N/A
UMN627	N/A	N/A	N/A	N/A	N/A	N/A	N/A	N/A	N/A	N/A
VTX-2337	N/A	N/A	N/A	N/A	N/A	N/A	N/A	N/A	N/A	N/A
Il1bos	N/A	N/A	N/A	N/A	N/A	N/A	N/A	N/A	N/A	N/A
birabresib	N/A	N/A	N/A	N/A	N/A	N/A	N/A	N/A	N/A	N/A
Pirb (includes others)	N/A	N/A	N/A	N/A	N/A	N/A	N/A	N/A	N/A	N/A
5,6-epoxyeicosatrienoic acid	N/A	N/A	N/A	N/A	N/A	N/A	N/A	N/A	N/A	N/A
sodium dodecyl sulfate	N/A	N/A	N/A	N/A	N/A	N/A	N/A	N/A	N/A	N/A
IL18R1	N/A	N/A	N/A	N/A	N/A	N/A	N/A	N/A	N/A	N/A
DENND5B	N/A	N/A	N/A	N/A	N/A	N/A	N/A	N/A	N/A	N/A
Y 27632	N/A	N/A	N/A	N/A	N/A	N/A	N/A	N/A	N/A	N/A
Pam3Cys-DKKEE-OH	N/A	N/A	N/A	N/A	N/A	N/A	N/A	N/A	N/A	N/A
mrs2179	N/A	N/A	N/A	N/A	N/A	N/A	N/A	N/A	N/A	N/A
moringa oleifera diluted seed extract	N/A	N/A	N/A	N/A	N/A	N/A	N/A	N/A	N/A	N/A
CXCR3	N/A	N/A	N/A	N/A	N/A	N/A	N/A	N/A	N/A	N/A
talniflumate	N/A	N/A	N/A	N/A	N/A	N/A	N/A	N/A	N/A	N/A
CSNK1E	N/A	N/A	N/A	N/A	N/A	N/A	N/A	N/A	N/A	N/A
RETN	N/A	N/A	N/A	N/A	N/A	N/A	N/A	N/A	N/A	N/A
lipoarabinomannan	N/A	N/A	N/A	N/A	N/A	N/A	N/A	N/A	N/A	N/A
HOTAIR	N/A	N/A	N/A	N/A	N/A	N/A	N/A	N/A	N/A	N/A
VP3.15	N/A	N/A	N/A	N/A	N/A	N/A	N/A	N/A	N/A	N/A
yisuishengxuegranule	N/A	N/A	N/A	N/A	N/A	N/A	N/A	N/A	N/A	N/A
EOGT	N/A	N/A	N/A	N/A	N/A	N/A	N/A	N/A	N/A	N/A
CDC42	N/A	N/A	N/A	N/A	N/A	N/A	N/A	N/A	N/A	N/A
BMS-303141	N/A	N/A	N/A	N/A	N/A	N/A	N/A	N/A	N/A	N/A
TYMP	N/A	N/A	N/A	N/A	N/A	N/A	N/A	N/A	N/A	N/A
DNM1	N/A	N/A	N/A	N/A	N/A	N/A	N/A	N/A	N/A	N/A
SFTPD	N/A	N/A	N/A	N/A	N/A	N/A	N/A	N/A	N/A	N/A
bestatin	N/A	N/A	N/A	N/A	N/A	N/A	N/A	N/A	N/A	N/A
dacarbazine	N/A	N/A	N/A	N/A	N/A	N/A	N/A	N/A	N/A	N/A
lorlatinib	N/A	N/A	N/A	N/A	N/A	N/A	N/A	N/A	N/A	N/A
GIT1	N/A	N/A	N/A	N/A	N/A	N/A	N/A	N/A	N/A	N/A
CEBPD	N/A	N/A	N/A	N/A	N/A	N/A	N/A	N/A	N/A	N/A
calphostin C	N/A	N/A	N/A	N/A	N/A	N/A	N/A	N/A	N/A	N/A
HNF1A	N/A	N/A	N/A	N/A	N/A	N/A	N/A	N/A	N/A	N/A
myclobutanil	N/A	N/A	N/A	N/A	N/A	N/A	N/A	N/A	N/A	N/A
6-hydroxy-enterolactone	N/A	N/A	N/A	N/A	N/A	N/A	N/A	N/A	N/A	N/A
PSMB1	N/A	N/A	N/A	N/A	N/A	N/A	N/A	N/A	N/A	N/A
3,3'-diindolylmethane	N/A	N/A	N/A	N/A	N/A	N/A	N/A	N/A	N/A	N/A
pyr10	N/A	N/A	N/A	N/A	N/A	N/A	N/A	N/A	N/A	N/A
sulfasalazine	N/A	N/A	N/A	N/A	N/A	N/A	N/A	N/A	N/A	N/A
OXSI-2	N/A	N/A	N/A	N/A	N/A	N/A	N/A	N/A	N/A	N/A
CNPY3	N/A	N/A	N/A	N/A	N/A	N/A	N/A	N/A	N/A	N/A
SCT	N/A	N/A	N/A	N/A	N/A	N/A	N/A	N/A	N/A	N/A
LTB4R/LTB4R2	N/A	N/A	N/A	N/A	N/A	N/A	N/A	N/A	N/A	N/A
GFOD3P	N/A	N/A	N/A	N/A	N/A	N/A	N/A	N/A	N/A	N/A
TEAD	N/A	N/A	N/A	N/A	N/A	N/A	N/A	N/A	N/A	N/A
evodenoson	N/A	N/A	N/A	N/A	N/A	N/A	N/A	N/A	N/A	N/A
mercury	N/A	N/A	N/A	N/A	N/A	N/A	N/A	N/A	N/A	N/A
LRP1B	N/A	N/A	N/A	N/A	N/A	N/A	N/A	N/A	N/A	N/A
ERBB4s80:ADAP1 gene	N/A	N/A	N/A	N/A	N/A	N/A	N/A	N/A	N/A	N/A
CXCL8	N/A	N/A	N/A	N/A	N/A	N/A	N/A	N/A	N/A	N/A
PPIE	N/A	N/A	N/A	N/A	N/A	N/A	N/A	N/A	N/A	N/A
CDC20	N/A	N/A	N/A	N/A	N/A	N/A	N/A	N/A	N/A	N/A
NOS3	N/A	N/A	N/A	N/A	N/A	N/A	N/A	N/A	N/A	N/A
HG-9-91-01	N/A	N/A	N/A	N/A	N/A	N/A	N/A	N/A	N/A	N/A
LRG1	N/A	N/A	N/A	N/A	N/A	N/A	N/A	N/A	N/A	N/A
picryl chloride	N/A	N/A	N/A	N/A	N/A	N/A	N/A	N/A	N/A	N/A
Carlr	N/A	N/A	N/A	N/A	N/A	N/A	N/A	N/A	N/A	N/A
mir-1906 (includes others)	N/A	N/A	N/A	N/A	N/A	N/A	N/A	N/A	N/A	N/A
PCDH10	N/A	N/A	N/A	N/A	N/A	N/A	N/A	N/A	N/A	N/A
triacetin	N/A	N/A	N/A	N/A	N/A	N/A	N/A	N/A	N/A	N/A
USP14	N/A	N/A	N/A	N/A	N/A	N/A	N/A	N/A	N/A	N/A
CLN3	N/A	N/A	N/A	N/A	N/A	N/A	N/A	N/A	N/A	N/A
CTF1	N/A	N/A	N/A	N/A	N/A	N/A	N/A	N/A	N/A	N/A
herbimycin	N/A	N/A	N/A	N/A	N/A	N/A	N/A	N/A	N/A	N/A
Ighg2b	N/A	N/A	N/A	N/A	N/A	N/A	N/A	N/A	N/A	N/A
AKAP5	N/A	N/A	N/A	N/A	N/A	N/A	N/A	N/A	N/A	N/A
APOA1	N/A	N/A	N/A	N/A	N/A	N/A	N/A	N/A	N/A	N/A
erteberel	N/A	N/A	N/A	N/A	N/A	N/A	N/A	N/A	N/A	N/A
naloxone	N/A	N/A	N/A	N/A	N/A	N/A	N/A	N/A	N/A	N/A
PKP2	N/A	N/A	N/A	N/A	N/A	N/A	N/A	N/A	N/A	N/A
PRKD2	N/A	N/A	N/A	N/A	N/A	N/A	N/A	N/A	N/A	N/A
Rp-8-CPT-cAMPS	N/A	N/A	N/A	N/A	N/A	N/A	N/A	N/A	N/A	N/A
oleoyl-coenzyme A	N/A	N/A	N/A	N/A	N/A	N/A	N/A	N/A	N/A	N/A
dodecylbenzenesulfonic acid	N/A	N/A	N/A	N/A	N/A	N/A	N/A	N/A	N/A	N/A
CSNK2A2	N/A	N/A	N/A	N/A	N/A	N/A	N/A	N/A	N/A	N/A
Cohesin	N/A	N/A	N/A	N/A	N/A	N/A	N/A	N/A	N/A	N/A
PSMD10	N/A	N/A	N/A	N/A	N/A	N/A	N/A	N/A	N/A	N/A
CCDC50	N/A	N/A	N/A	N/A	N/A	N/A	N/A	N/A	N/A	N/A
ASH2L	N/A	N/A	N/A	N/A	N/A	N/A	N/A	N/A	N/A	N/A
ML-193	N/A	N/A	N/A	N/A	N/A	N/A	N/A	N/A	N/A	N/A
TBXA2R	N/A	N/A	N/A	N/A	N/A	N/A	N/A	N/A	N/A	N/A
ADAM12	N/A	N/A	N/A	N/A	N/A	N/A	N/A	N/A	N/A	N/A
N-hexanoylhomoserine lactone	N/A	N/A	N/A	N/A	N/A	N/A	N/A	N/A	N/A	N/A
methyl 3-amino-5,6-dichloropyrazine-2-carboxylate	N/A	N/A	N/A	N/A	N/A	N/A	N/A	N/A	N/A	N/A
SIS3	N/A	N/A	N/A	N/A	N/A	N/A	N/A	N/A	N/A	N/A
ZNF750	N/A	N/A	N/A	N/A	N/A	N/A	N/A	N/A	N/A	N/A
NCAPG2	N/A	N/A	N/A	N/A	N/A	N/A	N/A	N/A	N/A	N/A
TMEM169	N/A	N/A	N/A	N/A	N/A	N/A	N/A	N/A	N/A	N/A
tempo	N/A	N/A	N/A	N/A	N/A	N/A	N/A	N/A	N/A	N/A
ARL6IP1	N/A	N/A	N/A	N/A	N/A	N/A	N/A	N/A	N/A	N/A
LGR4	N/A	N/A	N/A	N/A	N/A	N/A	N/A	N/A	N/A	N/A
miR-221-3p (and other miRNAs w/seed GCUACAU)	N/A	N/A	N/A	N/A	N/A	N/A	N/A	N/A	N/A	N/A
mivebresib	N/A	N/A	N/A	N/A	N/A	N/A	N/A	N/A	N/A	N/A
vanadate	N/A	N/A	N/A	N/A	N/A	N/A	N/A	N/A	N/A	N/A
N(2)-(gamma-D-glutamyl)-meso-2,2'-diaminopimelic acid	N/A	N/A	N/A	N/A	N/A	N/A	N/A	N/A	N/A	N/A
ACVR2A	N/A	N/A	N/A	N/A	N/A	N/A	N/A	N/A	N/A	N/A
leukotriene C4	N/A	N/A	N/A	N/A	N/A	N/A	N/A	N/A	N/A	N/A
CSN1S1	N/A	N/A	N/A	N/A	N/A	N/A	N/A	N/A	N/A	N/A
TCOF1	N/A	N/A	N/A	N/A	N/A	N/A	N/A	N/A	N/A	N/A
FAM177A1	N/A	N/A	N/A	N/A	N/A	N/A	N/A	N/A	N/A	N/A
ATF5	N/A	N/A	N/A	N/A	N/A	N/A	N/A	N/A	N/A	N/A
ketoconazole	N/A	N/A	N/A	N/A	N/A	N/A	N/A	N/A	N/A	N/A
ATG5	N/A	N/A	N/A	N/A	N/A	N/A	N/A	N/A	N/A	N/A
SGPP1	N/A	N/A	N/A	N/A	N/A	N/A	N/A	N/A	N/A	N/A
KRT17	N/A	N/A	N/A	N/A	N/A	N/A	N/A	N/A	N/A	N/A
STX2	N/A	N/A	N/A	N/A	N/A	N/A	N/A	N/A	N/A	N/A
CA1	N/A	N/A	N/A	N/A	N/A	N/A	N/A	N/A	N/A	N/A
polyinosinic acid	N/A	N/A	N/A	N/A	N/A	N/A	N/A	N/A	N/A	N/A
AGMAT	N/A	N/A	N/A	N/A	N/A	N/A	N/A	N/A	N/A	N/A
Pam3Cys-DSQTN-OH	N/A	N/A	N/A	N/A	N/A	N/A	N/A	N/A	N/A	N/A
CDH11	N/A	N/A	N/A	N/A	N/A	N/A	N/A	N/A	N/A	N/A
FASN	N/A	N/A	N/A	N/A	N/A	N/A	N/A	N/A	N/A	N/A
CAMSAP2	N/A	N/A	N/A	N/A	N/A	N/A	N/A	N/A	N/A	N/A
MIR4505	N/A	N/A	N/A	N/A	N/A	N/A	N/A	N/A	N/A	N/A
epoxyeicosatrienoic acid analog B	N/A	N/A	N/A	N/A	N/A	N/A	N/A	N/A	N/A	N/A
bacterial lipopolysaccharides	N/A	N/A	N/A	N/A	N/A	N/A	N/A	N/A	N/A	N/A
MIR4728	N/A	N/A	N/A	N/A	N/A	N/A	N/A	N/A	N/A	N/A
ZFA-fmk	N/A	N/A	N/A	N/A	N/A	N/A	N/A	N/A	N/A	N/A
loganin	N/A	N/A	N/A	N/A	N/A	N/A	N/A	N/A	N/A	N/A
EIF4EBP2	N/A	N/A	N/A	N/A	N/A	N/A	N/A	N/A	N/A	N/A
omalizumab	N/A	N/A	N/A	N/A	N/A	N/A	N/A	N/A	N/A	N/A
ADCY7	N/A	N/A	N/A	N/A	N/A	N/A	N/A	N/A	N/A	N/A
miR-92a-3p (and other miRNAs w/seed AUUGCAC)	N/A	N/A	N/A	N/A	N/A	N/A	N/A	N/A	N/A	N/A
FCER1G	N/A	N/A	N/A	N/A	N/A	N/A	N/A	N/A	N/A	N/A
S100A11	N/A	N/A	N/A	N/A	N/A	N/A	N/A	N/A	N/A	N/A
TDC	N/A	N/A	N/A	N/A	N/A	N/A	N/A	N/A	N/A	N/A
CD244	N/A	N/A	N/A	N/A	N/A	N/A	N/A	N/A	N/A	N/A
chlorophyllin	N/A	N/A	N/A	N/A	N/A	N/A	N/A	N/A	N/A	N/A
atractylon	N/A	N/A	N/A	N/A	N/A	N/A	N/A	N/A	N/A	N/A
falcarindiol	N/A	N/A	N/A	N/A	N/A	N/A	N/A	N/A	N/A	N/A
BCL2L1	N/A	N/A	N/A	N/A	N/A	N/A	N/A	N/A	N/A	N/A
PSMB10	N/A	N/A	N/A	N/A	N/A	N/A	N/A	N/A	N/A	N/A
RAD51C	N/A	N/A	N/A	N/A	N/A	N/A	N/A	N/A	N/A	N/A
CACNA2D1	N/A	N/A	N/A	N/A	N/A	N/A	N/A	N/A	N/A	N/A
HSPB3	N/A	N/A	N/A	N/A	N/A	N/A	N/A	N/A	N/A	N/A
1,2,3,7,8,9-hexachlorodibenzo-p-dioxin	N/A	N/A	N/A	N/A	N/A	N/A	N/A	N/A	N/A	N/A
CD83	N/A	N/A	N/A	N/A	N/A	N/A	N/A	N/A	N/A	N/A
alcohol	N/A	N/A	N/A	N/A	N/A	N/A	N/A	N/A	N/A	N/A
ADORA2B	N/A	N/A	N/A	N/A	N/A	N/A	N/A	N/A	N/A	N/A
esmolol	N/A	N/A	N/A	N/A	N/A	N/A	N/A	N/A	N/A	N/A
delta-12-prostaglandin J2	N/A	N/A	N/A	N/A	N/A	N/A	N/A	N/A	N/A	N/A
alternariol	N/A	N/A	N/A	N/A	N/A	N/A	N/A	N/A	N/A	N/A
fish oils	N/A	N/A	N/A	N/A	N/A	N/A	N/A	N/A	N/A	N/A
SB 239063	N/A	N/A	N/A	N/A	N/A	N/A	N/A	N/A	N/A	N/A
ceefourin-1	N/A	N/A	N/A	N/A	N/A	N/A	N/A	N/A	N/A	N/A
TNFRSF14	N/A	N/A	N/A	N/A	N/A	N/A	N/A	N/A	N/A	N/A
retinaldehyde	N/A	N/A	N/A	N/A	N/A	N/A	N/A	N/A	N/A	N/A
Usp17la (includes others)	N/A	N/A	N/A	N/A	N/A	N/A	N/A	N/A	N/A	N/A
Tlr13	N/A	N/A	N/A	N/A	N/A	N/A	N/A	N/A	N/A	N/A
FGG	N/A	N/A	N/A	N/A	N/A	N/A	N/A	N/A	N/A	N/A
puromycin aminonucleoside	N/A	N/A	N/A	N/A	N/A	N/A	N/A	N/A	N/A	N/A
C5-B6	N/A	N/A	N/A	N/A	N/A	N/A	N/A	N/A	N/A	N/A
RBM3	N/A	N/A	N/A	N/A	N/A	N/A	N/A	N/A	N/A	N/A
mechlorethamine	N/A	N/A	N/A	N/A	N/A	N/A	N/A	N/A	N/A	N/A
iberdomide	N/A	N/A	N/A	N/A	N/A	N/A	N/A	N/A	N/A	N/A
APOBEC3H	N/A	N/A	N/A	N/A	N/A	N/A	N/A	N/A	N/A	N/A
PI3Kγ	N/A	N/A	N/A	N/A	N/A	N/A	N/A	N/A	N/A	N/A
HOXA13	N/A	N/A	N/A	N/A	N/A	N/A	N/A	N/A	N/A	N/A
RCAN1	N/A	N/A	N/A	N/A	N/A	N/A	N/A	N/A	N/A	N/A
PP2/AG1879 tyrosine kinase inhibitor	N/A	N/A	N/A	N/A	N/A	N/A	N/A	N/A	N/A	N/A
ENAH	N/A	N/A	N/A	N/A	N/A	N/A	N/A	N/A	N/A	N/A
andrographolide	N/A	N/A	N/A	N/A	N/A	N/A	N/A	N/A	N/A	N/A
delta-tocopherol	N/A	N/A	N/A	N/A	N/A	N/A	N/A	N/A	N/A	N/A
JUND	N/A	N/A	N/A	N/A	N/A	N/A	N/A	N/A	N/A	N/A
TESC	N/A	N/A	N/A	N/A	N/A	N/A	N/A	N/A	N/A	N/A
Cyp1a2	N/A	N/A	N/A	N/A	N/A	N/A	N/A	N/A	N/A	N/A
JAK1	N/A	N/A	N/A	N/A	N/A	N/A	N/A	N/A	N/A	N/A
PSMB9	N/A	N/A	N/A	N/A	N/A	N/A	N/A	N/A	N/A	N/A
MI-2-2	N/A	N/A	N/A	N/A	N/A	N/A	N/A	N/A	N/A	N/A
HSPD1	N/A	N/A	N/A	N/A	N/A	N/A	N/A	N/A	N/A	N/A
FBXL6	N/A	N/A	N/A	N/A	N/A	N/A	N/A	N/A	N/A	N/A
RPS6KA2	N/A	N/A	N/A	N/A	N/A	N/A	N/A	N/A	N/A	N/A
DGKH	N/A	N/A	N/A	N/A	N/A	N/A	N/A	N/A	N/A	N/A
SREBF2	N/A	N/A	N/A	N/A	N/A	N/A	N/A	N/A	N/A	N/A
tryptase	N/A	N/A	N/A	N/A	N/A	N/A	N/A	N/A	N/A	N/A
sinapinic acid	N/A	N/A	N/A	N/A	N/A	N/A	N/A	N/A	N/A	N/A
NEUROD1	N/A	N/A	N/A	N/A	N/A	N/A	N/A	N/A	N/A	N/A
ZNF224	N/A	N/A	N/A	N/A	N/A	N/A	N/A	N/A	N/A	N/A
2-aminopurine	N/A	N/A	N/A	N/A	N/A	N/A	N/A	N/A	N/A	N/A
praziquantel	N/A	N/A	N/A	N/A	N/A	N/A	N/A	N/A	N/A	N/A
miricorilant	N/A	N/A	N/A	N/A	N/A	N/A	N/A	N/A	N/A	N/A
PPIA	N/A	N/A	N/A	N/A	N/A	N/A	N/A	N/A	N/A	N/A
IRF6	N/A	N/A	N/A	N/A	N/A	N/A	N/A	N/A	N/A	N/A
MGLL	N/A	N/A	N/A	N/A	N/A	N/A	N/A	N/A	N/A	N/A
MFN2	N/A	N/A	N/A	N/A	N/A	N/A	N/A	N/A	N/A	N/A
PxIL2P	N/A	N/A	N/A	N/A	N/A	N/A	N/A	N/A	N/A	N/A
KCNK2	N/A	N/A	N/A	N/A	N/A	N/A	N/A	N/A	N/A	N/A
GART	N/A	N/A	N/A	N/A	N/A	N/A	N/A	N/A	N/A	N/A
TAP1	N/A	N/A	N/A	N/A	N/A	N/A	N/A	N/A	N/A	N/A
creatine	N/A	N/A	N/A	N/A	N/A	N/A	N/A	N/A	N/A	N/A
Serpina3n (includes others)	N/A	N/A	N/A	N/A	N/A	N/A	N/A	N/A	N/A	N/A
SOX18	N/A	N/A	N/A	N/A	N/A	N/A	N/A	N/A	N/A	N/A
EPHX2	N/A	N/A	N/A	N/A	N/A	N/A	N/A	N/A	N/A	N/A
CD300C	N/A	N/A	N/A	N/A	N/A	N/A	N/A	N/A	N/A	N/A
LPA	N/A	N/A	N/A	N/A	N/A	N/A	N/A	N/A	N/A	N/A
CYP7A1	N/A	N/A	N/A	N/A	N/A	N/A	N/A	N/A	N/A	N/A
diacerein	N/A	N/A	N/A	N/A	N/A	N/A	N/A	N/A	N/A	N/A
ANXA4	N/A	N/A	N/A	N/A	N/A	N/A	N/A	N/A	N/A	N/A
beta-glucan	N/A	N/A	N/A	N/A	N/A	N/A	N/A	N/A	N/A	N/A
PDE1C	N/A	N/A	N/A	N/A	N/A	N/A	N/A	N/A	N/A	N/A
BI-D1870	N/A	N/A	N/A	N/A	N/A	N/A	N/A	N/A	N/A	N/A
retroinverso ERG inhibitory peptide 2	N/A	N/A	N/A	N/A	N/A	N/A	N/A	N/A	N/A	N/A
3-hydroxybutyric acid	N/A	N/A	N/A	N/A	N/A	N/A	N/A	N/A	N/A	N/A
2-mercaptoethylguanidine	N/A	N/A	N/A	N/A	N/A	N/A	N/A	N/A	N/A	N/A
IgA	N/A	N/A	N/A	N/A	N/A	N/A	N/A	N/A	N/A	N/A
LILRB4	N/A	N/A	N/A	N/A	N/A	N/A	N/A	N/A	N/A	N/A
SOD2	N/A	N/A	N/A	N/A	N/A	N/A	N/A	N/A	N/A	N/A
FBXL20	N/A	N/A	N/A	N/A	N/A	N/A	N/A	N/A	N/A	N/A
ORMDL3	N/A	N/A	N/A	N/A	N/A	N/A	N/A	N/A	N/A	N/A
BANCR	N/A	N/A	N/A	N/A	N/A	N/A	N/A	N/A	N/A	N/A
flunitrazepam	N/A	N/A	N/A	N/A	N/A	N/A	N/A	N/A	N/A	N/A
behenic acid	N/A	N/A	N/A	N/A	N/A	N/A	N/A	N/A	N/A	N/A
DAB2IP	N/A	N/A	N/A	N/A	N/A	N/A	N/A	N/A	N/A	N/A
ATF2	N/A	N/A	N/A	N/A	N/A	N/A	N/A	N/A	N/A	N/A
TNFRSF10B	N/A	N/A	N/A	N/A	N/A	N/A	N/A	N/A	N/A	N/A
MIR124-1HG	N/A	N/A	N/A	N/A	N/A	N/A	N/A	N/A	N/A	N/A
V2+	N/A	N/A	N/A	N/A	N/A	N/A	N/A	N/A	N/A	N/A
ATP-gamma-S	N/A	N/A	N/A	N/A	N/A	N/A	N/A	N/A	N/A	N/A
ACKR1	N/A	N/A	N/A	N/A	N/A	N/A	N/A	N/A	N/A	N/A
C7	N/A	N/A	N/A	N/A	N/A	N/A	N/A	N/A	N/A	N/A
TCF12	N/A	N/A	N/A	N/A	N/A	N/A	N/A	N/A	N/A	N/A
nifuroxazide	N/A	N/A	N/A	N/A	N/A	N/A	N/A	N/A	N/A	N/A
6-hydroxydopamine	N/A	N/A	N/A	N/A	N/A	N/A	N/A	N/A	N/A	N/A
SGK1	N/A	N/A	N/A	N/A	N/A	N/A	N/A	N/A	N/A	N/A
limonene	N/A	N/A	N/A	N/A	N/A	N/A	N/A	N/A	N/A	N/A
LTB4R2	N/A	N/A	N/A	N/A	N/A	N/A	N/A	N/A	N/A	N/A
PDZK1	N/A	N/A	N/A	N/A	N/A	N/A	N/A	N/A	N/A	N/A
bepafant	N/A	N/A	N/A	N/A	N/A	N/A	N/A	N/A	N/A	N/A
carboplatin	N/A	N/A	N/A	N/A	N/A	N/A	N/A	N/A	N/A	N/A
SF 6847	N/A	N/A	N/A	N/A	N/A	N/A	N/A	N/A	N/A	N/A
TEAD4	N/A	N/A	N/A	N/A	N/A	N/A	N/A	N/A	N/A	N/A
DAGLA	N/A	N/A	N/A	N/A	N/A	N/A	N/A	N/A	N/A	N/A
KN-62	N/A	N/A	N/A	N/A	N/A	N/A	N/A	N/A	N/A	N/A
adenine	N/A	N/A	N/A	N/A	N/A	N/A	N/A	N/A	N/A	N/A
HNRNPL	N/A	N/A	N/A	N/A	N/A	N/A	N/A	N/A	N/A	N/A
MALT1	N/A	N/A	N/A	N/A	N/A	N/A	N/A	N/A	N/A	N/A
7(R)-maresin 1	N/A	N/A	N/A	N/A	N/A	N/A	N/A	N/A	N/A	N/A
UCN2	N/A	N/A	N/A	N/A	N/A	N/A	N/A	N/A	N/A	N/A
BC-1215	N/A	N/A	N/A	N/A	N/A	N/A	N/A	N/A	N/A	N/A
methylamine	N/A	N/A	N/A	N/A	N/A	N/A	N/A	N/A	N/A	N/A
Fibrinogen	N/A	N/A	N/A	N/A	N/A	N/A	N/A	N/A	N/A	N/A
16:0 ceramide-1-phosphate	N/A	N/A	N/A	N/A	N/A	N/A	N/A	N/A	N/A	N/A
TGFB1I1	N/A	N/A	N/A	N/A	N/A	N/A	N/A	N/A	N/A	N/A
iguratimod	N/A	N/A	N/A	N/A	N/A	N/A	N/A	N/A	N/A	N/A
Au24Cd1 clusterzyme	N/A	N/A	N/A	N/A	N/A	N/A	N/A	N/A	N/A	N/A
MMP2	N/A	N/A	N/A	N/A	N/A	N/A	N/A	N/A	N/A	N/A
asialo GM1 ganglioside	N/A	N/A	N/A	N/A	N/A	N/A	N/A	N/A	N/A	N/A
vapreotide	N/A	N/A	N/A	N/A	N/A	N/A	N/A	N/A	N/A	N/A
4930556M19Rik	N/A	N/A	N/A	N/A	N/A	N/A	N/A	N/A	N/A	N/A
VLDL	N/A	N/A	N/A	N/A	N/A	N/A	N/A	N/A	N/A	N/A
KCNJ10	N/A	N/A	N/A	N/A	N/A	N/A	N/A	N/A	N/A	N/A
1-hydroxybenzo(a)pyrene	N/A	N/A	N/A	N/A	N/A	N/A	N/A	N/A	N/A	N/A
POU3F3	N/A	N/A	N/A	N/A	N/A	N/A	N/A	N/A	N/A	N/A
ivabradine	N/A	N/A	N/A	N/A	N/A	N/A	N/A	N/A	N/A	N/A
iso[4]levuglandin E2	N/A	N/A	N/A	N/A	N/A	N/A	N/A	N/A	N/A	N/A
1,2-dioleoyloxy-3-(trimethylammonium)propane	N/A	N/A	N/A	N/A	N/A	N/A	N/A	N/A	N/A	N/A
C25-140	N/A	N/A	N/A	N/A	N/A	N/A	N/A	N/A	N/A	N/A
chitinase	N/A	N/A	N/A	N/A	N/A	N/A	N/A	N/A	N/A	N/A
27-hydroxycholesterol	N/A	N/A	N/A	N/A	N/A	N/A	N/A	N/A	N/A	N/A
IRAK2	N/A	N/A	N/A	N/A	N/A	N/A	N/A	N/A	N/A	N/A
QRFP	N/A	N/A	N/A	N/A	N/A	N/A	N/A	N/A	N/A	N/A
pien tze huang methanol extract	N/A	N/A	N/A	N/A	N/A	N/A	N/A	N/A	N/A	N/A
thalidomide	N/A	N/A	N/A	N/A	N/A	N/A	N/A	N/A	N/A	N/A
CD58	N/A	N/A	N/A	N/A	N/A	N/A	N/A	N/A	N/A	N/A
ZKSCAN3	N/A	N/A	N/A	N/A	N/A	N/A	N/A	N/A	N/A	N/A
4',6,7-trihydroxyisoflavone	N/A	N/A	N/A	N/A	N/A	N/A	N/A	N/A	N/A	N/A
CENPJ	N/A	N/A	N/A	N/A	N/A	N/A	N/A	N/A	N/A	N/A
STAT3/STAT3	N/A	N/A	N/A	N/A	N/A	N/A	N/A	N/A	N/A	N/A
GJB2	N/A	N/A	N/A	N/A	N/A	N/A	N/A	N/A	N/A	N/A
SMN2	N/A	N/A	N/A	N/A	N/A	N/A	N/A	N/A	N/A	N/A
allylglycine	N/A	N/A	N/A	N/A	N/A	N/A	N/A	N/A	N/A	N/A
METTL1	N/A	N/A	N/A	N/A	N/A	N/A	N/A	N/A	N/A	N/A
GPR32	N/A	N/A	N/A	N/A	N/A	N/A	N/A	N/A	N/A	N/A
Mir99ahg	N/A	N/A	N/A	N/A	N/A	N/A	N/A	N/A	N/A	N/A
NDST1	N/A	N/A	N/A	N/A	N/A	N/A	N/A	N/A	N/A	N/A
rintatolimod	N/A	N/A	N/A	N/A	N/A	N/A	N/A	N/A	N/A	N/A
ALDH1A2	N/A	N/A	N/A	N/A	N/A	N/A	N/A	N/A	N/A	N/A
USP39	N/A	N/A	N/A	N/A	N/A	N/A	N/A	N/A	N/A	N/A
USF1	N/A	N/A	N/A	N/A	N/A	N/A	N/A	N/A	N/A	N/A
TIFA	N/A	N/A	N/A	N/A	N/A	N/A	N/A	N/A	N/A	N/A
poloxamer	N/A	N/A	N/A	N/A	N/A	N/A	N/A	N/A	N/A	N/A
DGK	N/A	N/A	N/A	N/A	N/A	N/A	N/A	N/A	N/A	N/A
MT1B	N/A	N/A	N/A	N/A	N/A	N/A	N/A	N/A	N/A	N/A
fluvastatin	N/A	N/A	N/A	N/A	N/A	N/A	N/A	N/A	N/A	N/A
GPR84	N/A	N/A	N/A	N/A	N/A	N/A	N/A	N/A	N/A	N/A
USP20	N/A	N/A	N/A	N/A	N/A	N/A	N/A	N/A	N/A	N/A
ZDHHC5	N/A	N/A	N/A	N/A	N/A	N/A	N/A	N/A	N/A	N/A
leukotriene B4	N/A	N/A	N/A	N/A	N/A	N/A	N/A	N/A	N/A	N/A
FLG	N/A	N/A	N/A	N/A	N/A	N/A	N/A	N/A	N/A	N/A
AFAP1L2	N/A	N/A	N/A	N/A	N/A	N/A	N/A	N/A	N/A	N/A
CLC	N/A	N/A	N/A	N/A	N/A	N/A	N/A	N/A	N/A	N/A
F12	N/A	N/A	N/A	N/A	N/A	N/A	N/A	N/A	N/A	N/A
SMARCA2	N/A	N/A	N/A	N/A	N/A	N/A	N/A	N/A	N/A	N/A
aluminum	N/A	N/A	N/A	N/A	N/A	N/A	N/A	N/A	N/A	N/A
EGLN3	N/A	N/A	N/A	N/A	N/A	N/A	N/A	N/A	N/A	N/A
apatinib	N/A	N/A	N/A	N/A	N/A	N/A	N/A	N/A	N/A	N/A
saponaria officinalis extract, hexane sub-fraction 1	N/A	N/A	N/A	N/A	N/A	N/A	N/A	N/A	N/A	N/A
dolutegravir	N/A	N/A	N/A	N/A	N/A	N/A	N/A	N/A	N/A	N/A
benzyl alcohol	N/A	N/A	N/A	N/A	N/A	N/A	N/A	N/A	N/A	N/A
UBB	N/A	N/A	N/A	N/A	N/A	N/A	N/A	N/A	N/A	N/A
pitavastatin	N/A	N/A	N/A	N/A	N/A	N/A	N/A	N/A	N/A	N/A
PELI3	N/A	N/A	N/A	N/A	N/A	N/A	N/A	N/A	N/A	N/A
CCDC3	N/A	N/A	N/A	N/A	N/A	N/A	N/A	N/A	N/A	N/A
GNL3L	N/A	N/A	N/A	N/A	N/A	N/A	N/A	N/A	N/A	N/A
TXN	N/A	0.0	0.0	N/A	N/A	N/A	0.0	0.0	0.0	N/A
BAIAP2L1	N/A	N/A	N/A	N/A	N/A	N/A	N/A	N/A	N/A	N/A
ITPR2	N/A	N/A	N/A	N/A	N/A	N/A	N/A	N/A	N/A	N/A
CDH4	N/A	N/A	N/A	N/A	N/A	N/A	N/A	N/A	N/A	N/A
GSKJ1	N/A	N/A	N/A	N/A	N/A	N/A	N/A	N/A	N/A	N/A
lapatinib	N/A	N/A	N/A	N/A	N/A	N/A	N/A	N/A	N/A	N/A
stearic acid	N/A	N/A	N/A	N/A	N/A	N/A	N/A	N/A	N/A	N/A
GLI2	N/A	N/A	N/A	N/A	N/A	N/A	N/A	N/A	N/A	N/A
TRIM58	N/A	N/A	N/A	N/A	N/A	N/A	N/A	N/A	N/A	N/A
MIR17HG	N/A	N/A	N/A	N/A	N/A	N/A	N/A	N/A	N/A	N/A
N-(1-carbamoyl-2-phenyl-ethyl) butyramide	N/A	N/A	N/A	N/A	N/A	N/A	N/A	N/A	N/A	N/A
ellagic acid	N/A	N/A	N/A	N/A	N/A	N/A	N/A	N/A	N/A	N/A
CELA3B	N/A	N/A	N/A	N/A	N/A	N/A	N/A	N/A	N/A	N/A
Rln1	N/A	N/A	N/A	N/A	N/A	N/A	N/A	N/A	N/A	N/A
trovafloxacin	N/A	N/A	N/A	N/A	N/A	N/A	N/A	N/A	N/A	N/A
CERK	N/A	N/A	N/A	N/A	N/A	N/A	N/A	N/A	N/A	N/A
GPX2	N/A	N/A	N/A	N/A	N/A	N/A	N/A	N/A	N/A	N/A
acitretin	N/A	N/A	N/A	N/A	N/A	N/A	N/A	N/A	N/A	N/A
cortisone acetate	N/A	N/A	N/A	N/A	N/A	N/A	N/A	N/A	N/A	N/A
TFAP2E	N/A	N/A	N/A	N/A	N/A	N/A	N/A	N/A	N/A	N/A
CARD14	N/A	N/A	N/A	N/A	N/A	N/A	N/A	N/A	N/A	N/A
MLXIP	N/A	N/A	N/A	N/A	N/A	N/A	N/A	N/A	N/A	N/A
Z-551	N/A	N/A	N/A	N/A	N/A	N/A	N/A	N/A	N/A	N/A
SSC5D	N/A	N/A	N/A	N/A	N/A	N/A	N/A	N/A	N/A	N/A
DETA-NONOate	N/A	N/A	N/A	N/A	N/A	N/A	N/A	N/A	N/A	N/A
MMP12	N/A	N/A	N/A	N/A	N/A	N/A	N/A	N/A	N/A	N/A
B3GALT2	N/A	N/A	N/A	N/A	N/A	N/A	N/A	N/A	N/A	N/A
1-methyl-4-phenyl-1,2,3,6-tetrahydropyridine	N/A	N/A	N/A	N/A	N/A	N/A	N/A	N/A	N/A	N/A
niflumic acid	N/A	N/A	N/A	N/A	N/A	N/A	N/A	N/A	N/A	N/A
TRG	N/A	N/A	N/A	N/A	N/A	N/A	N/A	N/A	N/A	N/A
HLA-B	N/A	N/A	N/A	N/A	N/A	N/A	N/A	N/A	N/A	N/A
RPL39	N/A	N/A	N/A	N/A	N/A	N/A	N/A	N/A	N/A	N/A
Ad-ISF35	N/A	N/A	N/A	N/A	N/A	N/A	N/A	N/A	N/A	N/A
PODXL	N/A	N/A	N/A	N/A	N/A	N/A	N/A	N/A	N/A	N/A
TAL1	N/A	N/A	N/A	N/A	N/A	N/A	N/A	N/A	N/A	N/A
Vi capsular polysaccharide	N/A	N/A	N/A	N/A	N/A	N/A	N/A	N/A	N/A	N/A
CD33	N/A	N/A	N/A	N/A	N/A	N/A	N/A	N/A	N/A	N/A
ACE2	N/A	N/A	N/A	N/A	N/A	N/A	N/A	N/A	N/A	N/A
GW2580	N/A	N/A	N/A	N/A	N/A	N/A	N/A	N/A	N/A	N/A
miR-224 inhibitor	N/A	N/A	N/A	N/A	N/A	N/A	N/A	N/A	N/A	N/A
10-(6'-ubiquinonyl)decyltriphenylphosphonium	N/A	N/A	N/A	N/A	N/A	N/A	N/A	N/A	N/A	N/A
GTPase	N/A	N/A	N/A	N/A	N/A	N/A	N/A	N/A	N/A	N/A
actin	N/A	N/A	N/A	N/A	N/A	N/A	N/A	N/A	N/A	N/A
PRSS8	N/A	N/A	N/A	N/A	N/A	N/A	N/A	N/A	N/A	N/A
PARM1	N/A	N/A	N/A	N/A	N/A	N/A	N/A	N/A	N/A	N/A
ADIPOR1	N/A	N/A	N/A	N/A	N/A	N/A	N/A	N/A	N/A	N/A
CEACAM6	N/A	N/A	N/A	N/A	N/A	N/A	N/A	N/A	N/A	N/A
SIAH1	N/A	N/A	N/A	N/A	N/A	N/A	N/A	N/A	N/A	N/A
mocetinostat	N/A	N/A	N/A	N/A	N/A	N/A	N/A	N/A	N/A	N/A
4-hydroxynonenal	N/A	N/A	N/A	N/A	N/A	N/A	N/A	N/A	N/A	N/A
N-acetylneuraminic acid	N/A	N/A	N/A	N/A	N/A	N/A	N/A	N/A	N/A	N/A
Asgr1	N/A	N/A	N/A	N/A	N/A	N/A	N/A	N/A	N/A	N/A
adapalene	N/A	N/A	N/A	N/A	N/A	N/A	N/A	N/A	N/A	N/A
KRAS	N/A	N/A	N/A	N/A	N/A	N/A	N/A	N/A	N/A	N/A
conjugated linoleic acid	N/A	N/A	N/A	N/A	N/A	N/A	N/A	N/A	N/A	N/A
CV 6209	N/A	N/A	N/A	N/A	N/A	N/A	N/A	N/A	N/A	N/A
miR-411-3p (and other miRNAs w/seed AUGUAAC)	N/A	N/A	N/A	N/A	N/A	N/A	N/A	N/A	N/A	N/A
VTN	N/A	N/A	N/A	N/A	N/A	N/A	N/A	N/A	N/A	N/A
CDKI AT7519	N/A	N/A	N/A	N/A	N/A	N/A	N/A	N/A	N/A	N/A
bis(4-hydroxycinnamoyl)methane	N/A	N/A	N/A	N/A	N/A	N/A	N/A	N/A	N/A	N/A
CAY10595	N/A	N/A	N/A	N/A	N/A	N/A	N/A	N/A	N/A	N/A
LAMA3	N/A	N/A	N/A	N/A	N/A	N/A	N/A	N/A	N/A	N/A
FBXO2	N/A	N/A	N/A	N/A	N/A	N/A	N/A	N/A	N/A	N/A
ozone	N/A	N/A	N/A	N/A	N/A	N/A	N/A	N/A	N/A	N/A
FARP1	N/A	N/A	N/A	N/A	N/A	N/A	N/A	N/A	N/A	N/A
1,2,3,4,7,8-hexachlorodibenzo-p-dioxin	N/A	N/A	N/A	N/A	N/A	N/A	N/A	N/A	N/A	N/A
ampicillin	N/A	N/A	N/A	N/A	N/A	N/A	N/A	N/A	N/A	N/A
ELP3	N/A	N/A	N/A	N/A	N/A	N/A	N/A	N/A	N/A	N/A
bryostatin 1	N/A	N/A	N/A	N/A	N/A	N/A	N/A	N/A	N/A	N/A
SB 216763	N/A	N/A	N/A	N/A	N/A	N/A	N/A	N/A	N/A	N/A
Go6983	N/A	N/A	N/A	N/A	N/A	N/A	N/A	N/A	N/A	N/A
Abcb4	N/A	N/A	N/A	N/A	N/A	N/A	N/A	N/A	N/A	N/A
parbendazole	N/A	N/A	N/A	N/A	N/A	N/A	N/A	N/A	N/A	N/A
Integrin	N/A	N/A	N/A	N/A	N/A	N/A	N/A	N/A	N/A	N/A
SCN9A	N/A	N/A	N/A	N/A	N/A	N/A	N/A	N/A	N/A	N/A
CFH	N/A	N/A	N/A	N/A	N/A	N/A	N/A	N/A	N/A	N/A
COCH	N/A	N/A	N/A	N/A	N/A	N/A	N/A	N/A	N/A	N/A
atovaquone	N/A	N/A	N/A	N/A	N/A	N/A	N/A	N/A	N/A	N/A
kangfuxin	N/A	N/A	N/A	N/A	N/A	N/A	N/A	N/A	N/A	N/A
CRP	N/A	N/A	N/A	N/A	N/A	N/A	N/A	N/A	N/A	N/A
AZ26	N/A	N/A	N/A	N/A	N/A	N/A	N/A	N/A	N/A	N/A
MIA-602	N/A	N/A	N/A	N/A	N/A	N/A	N/A	N/A	N/A	N/A
ASCC1	N/A	N/A	N/A	N/A	N/A	N/A	N/A	N/A	N/A	N/A
ACSL4	N/A	N/A	N/A	N/A	N/A	N/A	N/A	N/A	N/A	N/A
NKRF	N/A	N/A	N/A	N/A	N/A	N/A	N/A	N/A	N/A	N/A
axitinib	N/A	N/A	N/A	N/A	N/A	N/A	N/A	N/A	N/A	N/A
VR23	N/A	N/A	N/A	N/A	N/A	N/A	N/A	N/A	N/A	N/A
DNM3	N/A	N/A	N/A	N/A	N/A	N/A	N/A	N/A	N/A	N/A
BCL10	N/A	N/A	N/A	N/A	N/A	N/A	N/A	N/A	N/A	N/A
ST13	N/A	N/A	N/A	N/A	N/A	N/A	N/A	N/A	N/A	N/A
NOS1	N/A	N/A	N/A	N/A	N/A	N/A	N/A	N/A	N/A	N/A
phenyl 1-hydroxy-2-naphthoate	N/A	N/A	N/A	N/A	N/A	N/A	N/A	N/A	N/A	N/A
2-chlorohexadecanoic acid	N/A	N/A	N/A	N/A	N/A	N/A	N/A	N/A	N/A	N/A
PYDC2	N/A	N/A	N/A	N/A	N/A	N/A	N/A	N/A	N/A	N/A
ITGAX	N/A	N/A	N/A	N/A	N/A	N/A	N/A	N/A	N/A	N/A
BMPR1A	N/A	N/A	N/A	N/A	N/A	N/A	N/A	N/A	N/A	N/A
NR5A1	N/A	N/A	N/A	N/A	N/A	N/A	N/A	N/A	N/A	N/A
IMD-0354	N/A	N/A	N/A	N/A	N/A	N/A	N/A	N/A	N/A	N/A
BHLHE22	N/A	N/A	N/A	N/A	N/A	N/A	N/A	N/A	N/A	N/A
trametinib	N/A	N/A	N/A	N/A	N/A	N/A	N/A	N/A	N/A	N/A
RWJ 67657	N/A	N/A	N/A	N/A	N/A	N/A	N/A	N/A	N/A	N/A
2-cyclohexen-1-one	N/A	N/A	N/A	N/A	N/A	N/A	N/A	N/A	N/A	N/A
antimycin A	N/A	N/A	N/A	N/A	N/A	N/A	N/A	N/A	N/A	N/A
LRPAP1	N/A	N/A	N/A	N/A	N/A	N/A	N/A	N/A	N/A	N/A
HSF1	N/A	N/A	N/A	N/A	N/A	N/A	N/A	N/A	N/A	N/A
deoxynivalenol	N/A	N/A	N/A	N/A	N/A	N/A	N/A	N/A	N/A	N/A
ROCK1	N/A	N/A	N/A	N/A	N/A	N/A	N/A	N/A	N/A	N/A
ARTN	N/A	N/A	N/A	N/A	N/A	N/A	N/A	N/A	N/A	N/A
crocidolite asbestos	N/A	N/A	N/A	N/A	N/A	N/A	N/A	N/A	N/A	N/A
UCP2	N/A	N/A	N/A	N/A	N/A	N/A	N/A	N/A	N/A	N/A
PTGS1	N/A	N/A	N/A	N/A	N/A	N/A	N/A	N/A	N/A	N/A
PROK2	N/A	N/A	N/A	N/A	N/A	N/A	N/A	N/A	N/A	N/A
mir-217 (includes others)	N/A	N/A	N/A	N/A	N/A	N/A	N/A	N/A	N/A	N/A
iloprost	N/A	N/A	N/A	N/A	N/A	N/A	N/A	N/A	N/A	N/A
AM 630	N/A	N/A	N/A	N/A	N/A	N/A	N/A	N/A	N/A	N/A
rivaroxaban	N/A	N/A	N/A	N/A	N/A	N/A	N/A	N/A	N/A	N/A
HS6ST1	N/A	N/A	N/A	N/A	N/A	N/A	N/A	N/A	N/A	N/A
Uox	N/A	N/A	N/A	N/A	N/A	N/A	N/A	N/A	N/A	N/A
F10	N/A	N/A	N/A	N/A	N/A	N/A	N/A	N/A	N/A	N/A
aurapten	N/A	N/A	N/A	N/A	N/A	N/A	N/A	N/A	N/A	N/A
geranylgeraniol	N/A	N/A	N/A	N/A	N/A	N/A	N/A	N/A	N/A	N/A
Org 48762-0	N/A	N/A	N/A	N/A	N/A	N/A	N/A	N/A	N/A	N/A
BMS 182874	N/A	N/A	N/A	N/A	N/A	N/A	N/A	N/A	N/A	N/A
coomassie brilliant blue G-250	N/A	N/A	N/A	N/A	N/A	N/A	N/A	N/A	N/A	N/A
tauroursodeoxycholic acid	N/A	N/A	N/A	N/A	N/A	N/A	N/A	N/A	N/A	N/A
6-mercaptopurine	N/A	N/A	N/A	N/A	N/A	N/A	N/A	N/A	N/A	N/A
Tlr12	N/A	N/A	N/A	N/A	N/A	N/A	N/A	N/A	N/A	N/A
GPR132	N/A	N/A	N/A	N/A	N/A	N/A	N/A	N/A	N/A	N/A
4-hydroxy-N-desmethyltamoxifen	N/A	N/A	N/A	N/A	N/A	N/A	N/A	N/A	N/A	N/A
TAPI	N/A	N/A	N/A	N/A	N/A	N/A	N/A	N/A	N/A	N/A
IKKA/B	N/A	N/A	N/A	N/A	N/A	N/A	N/A	N/A	N/A	N/A
FZD5	N/A	N/A	N/A	N/A	N/A	N/A	N/A	N/A	N/A	N/A
ARIH2	N/A	N/A	N/A	N/A	N/A	N/A	N/A	N/A	N/A	N/A
MERTK	N/A	N/A	N/A	N/A	N/A	N/A	N/A	N/A	N/A	N/A
FFAR4	N/A	N/A	N/A	N/A	N/A	N/A	N/A	N/A	N/A	N/A
ASH1L	N/A	N/A	N/A	N/A	N/A	N/A	N/A	N/A	N/A	N/A
IRAK1/4	N/A	N/A	N/A	N/A	N/A	N/A	N/A	N/A	N/A	N/A
RTCB	N/A	N/A	N/A	N/A	N/A	N/A	N/A	N/A	N/A	N/A
Arg-Gly-Asp	N/A	N/A	N/A	N/A	N/A	N/A	N/A	N/A	N/A	N/A
CDKN2A-AS1	N/A	N/A	N/A	N/A	N/A	N/A	N/A	N/A	N/A	N/A
vitamin A	N/A	N/A	N/A	N/A	N/A	N/A	N/A	N/A	N/A	N/A
succinic acid	N/A	N/A	N/A	N/A	N/A	N/A	N/A	N/A	N/A	N/A
KLKB1	N/A	N/A	N/A	N/A	N/A	N/A	N/A	N/A	N/A	N/A
N-carbamyl-L-glutamate	N/A	N/A	N/A	N/A	N/A	N/A	N/A	N/A	N/A	N/A
quercetin-3,4'-dimethyl ether	N/A	N/A	N/A	N/A	N/A	N/A	N/A	N/A	N/A	N/A
PLA2G4A	N/A	N/A	N/A	N/A	N/A	N/A	N/A	N/A	N/A	N/A
relaxin	N/A	N/A	N/A	N/A	N/A	N/A	N/A	N/A	N/A	N/A
ethidium	N/A	N/A	N/A	N/A	N/A	N/A	N/A	N/A	N/A	N/A
gossypol	N/A	N/A	N/A	N/A	N/A	N/A	N/A	N/A	N/A	N/A
PBLD	N/A	N/A	N/A	N/A	N/A	N/A	N/A	N/A	N/A	N/A
GRM3	N/A	N/A	N/A	N/A	N/A	N/A	N/A	N/A	N/A	N/A
FFAR2	N/A	N/A	N/A	N/A	N/A	N/A	N/A	N/A	N/A	N/A
nickel subsulfide	N/A	N/A	N/A	N/A	N/A	N/A	N/A	N/A	N/A	N/A
TFAP2A,TFAP2C homodimers:ESR1 Gene	N/A	N/A	N/A	N/A	N/A	N/A	N/A	N/A	N/A	N/A
H19	N/A	N/A	N/A	N/A	N/A	N/A	N/A	N/A	N/A	N/A
MUC2	N/A	N/A	N/A	N/A	N/A	N/A	N/A	N/A	N/A	N/A
1,2,3,4,7,8-hexachlorodibenzofuran	N/A	N/A	N/A	N/A	N/A	N/A	N/A	N/A	N/A	N/A
HDGF	N/A	N/A	N/A	N/A	N/A	N/A	N/A	N/A	N/A	N/A
ganglioside GM3	N/A	N/A	N/A	N/A	N/A	N/A	N/A	N/A	N/A	N/A
TYROBP	N/A	N/A	N/A	N/A	N/A	N/A	N/A	N/A	N/A	N/A
IL23A	N/A	N/A	N/A	N/A	N/A	N/A	N/A	N/A	N/A	N/A
PHB1	N/A	N/A	N/A	N/A	N/A	N/A	N/A	N/A	N/A	N/A
ZNF217	N/A	N/A	N/A	N/A	N/A	N/A	N/A	N/A	N/A	N/A
miR-513a-3p (and other miRNAs w/seed AAAUUUC)	N/A	N/A	N/A	N/A	N/A	N/A	N/A	N/A	N/A	N/A
N-docosahexaenoylethanolamine	N/A	N/A	N/A	N/A	N/A	N/A	N/A	N/A	N/A	N/A
W-54011	N/A	N/A	N/A	N/A	N/A	N/A	N/A	N/A	N/A	N/A
ditiocarb	N/A	N/A	N/A	N/A	N/A	N/A	N/A	N/A	N/A	N/A
gedatolisib	N/A	N/A	N/A	N/A	N/A	N/A	N/A	N/A	N/A	N/A
NINJ1	N/A	N/A	N/A	N/A	N/A	N/A	N/A	N/A	N/A	N/A
KSR2	N/A	N/A	N/A	N/A	N/A	N/A	N/A	N/A	N/A	N/A
tempol	N/A	N/A	N/A	N/A	N/A	N/A	N/A	N/A	N/A	N/A
IGHM	N/A	N/A	N/A	N/A	N/A	N/A	N/A	N/A	N/A	N/A
flutamide	N/A	N/A	N/A	N/A	N/A	N/A	N/A	N/A	N/A	N/A
chlorogenic acid	N/A	N/A	N/A	N/A	N/A	N/A	N/A	N/A	N/A	N/A
CARD16	N/A	N/A	N/A	N/A	N/A	N/A	N/A	N/A	N/A	N/A
dodeca-2E,4E,8Z,10Z-tetraenoic acid isobutylamide	N/A	N/A	N/A	N/A	N/A	N/A	N/A	N/A	N/A	N/A
TAF9	N/A	N/A	N/A	N/A	N/A	N/A	N/A	N/A	N/A	N/A
mir-132 (includes others)	N/A	N/A	N/A	N/A	N/A	N/A	N/A	N/A	N/A	N/A
SUPT16H	N/A	N/A	N/A	N/A	N/A	N/A	N/A	N/A	N/A	N/A
Sn50 peptide	N/A	N/A	N/A	N/A	N/A	N/A	N/A	N/A	N/A	N/A
epoxomicin	N/A	N/A	N/A	N/A	N/A	N/A	N/A	N/A	N/A	N/A
HYAL2	N/A	N/A	N/A	N/A	N/A	N/A	N/A	N/A	N/A	N/A
TEAD2	N/A	N/A	N/A	N/A	N/A	N/A	N/A	N/A	N/A	N/A
acetazolamide	N/A	N/A	N/A	N/A	N/A	N/A	N/A	N/A	N/A	N/A
dinophysistoxin 1	N/A	N/A	N/A	N/A	N/A	N/A	N/A	N/A	N/A	N/A
DRD4	N/A	N/A	N/A	N/A	N/A	N/A	N/A	N/A	N/A	N/A
HYAL1	N/A	N/A	N/A	N/A	N/A	N/A	N/A	N/A	N/A	N/A
PCSK9	N/A	N/A	N/A	N/A	N/A	N/A	N/A	N/A	N/A	N/A
TAF4	N/A	N/A	N/A	N/A	N/A	N/A	N/A	N/A	N/A	N/A
PROK1	N/A	N/A	N/A	N/A	N/A	N/A	N/A	N/A	N/A	N/A
talmapimod	N/A	N/A	N/A	N/A	N/A	N/A	N/A	N/A	N/A	N/A
Gm12250	N/A	N/A	N/A	N/A	N/A	N/A	N/A	N/A	N/A	N/A
CAY10593	N/A	N/A	N/A	N/A	N/A	N/A	N/A	N/A	N/A	N/A
echinomycin	N/A	N/A	N/A	N/A	N/A	N/A	N/A	N/A	N/A	N/A
MYO5A	N/A	N/A	N/A	N/A	N/A	N/A	N/A	N/A	N/A	N/A
CYP4F2	N/A	N/A	N/A	N/A	N/A	N/A	N/A	N/A	N/A	N/A
phorbol esters	N/A	N/A	N/A	N/A	N/A	N/A	N/A	N/A	N/A	N/A
sulfo-N-succinimidyl oleate	N/A	N/A	N/A	N/A	N/A	N/A	N/A	N/A	N/A	N/A
Zingiber officiale ginger extract	N/A	N/A	N/A	N/A	N/A	N/A	N/A	N/A	N/A	N/A
SR 144528	N/A	N/A	N/A	N/A	N/A	N/A	N/A	N/A	N/A	N/A
aquaporin	N/A	N/A	N/A	N/A	N/A	N/A	N/A	N/A	N/A	N/A
CCR4	N/A	N/A	N/A	N/A	N/A	N/A	N/A	N/A	N/A	N/A
dapagliflozin	N/A	N/A	N/A	N/A	N/A	N/A	N/A	N/A	N/A	N/A
beta-cryptoxanthin	N/A	N/A	N/A	N/A	N/A	N/A	N/A	N/A	N/A	N/A
enalapril	N/A	N/A	N/A	N/A	N/A	N/A	N/A	N/A	N/A	N/A
Fc gamma receptor	N/A	N/A	N/A	N/A	N/A	N/A	N/A	N/A	N/A	N/A
narciclasine	N/A	N/A	N/A	N/A	N/A	N/A	N/A	N/A	N/A	N/A
silibinin	N/A	N/A	N/A	N/A	N/A	N/A	N/A	N/A	N/A	N/A
TNFRSF6B	N/A	N/A	N/A	N/A	N/A	N/A	N/A	N/A	N/A	N/A
PSTPIP2	N/A	N/A	N/A	N/A	N/A	N/A	N/A	N/A	N/A	N/A
IDR-1002	N/A	N/A	N/A	N/A	N/A	N/A	N/A	N/A	N/A	N/A
RXR/VDR/vitamin D3	N/A	N/A	N/A	N/A	N/A	N/A	N/A	N/A	N/A	N/A
urushiol	N/A	N/A	N/A	N/A	N/A	N/A	N/A	N/A	N/A	N/A
praliciguat	N/A	N/A	N/A	N/A	N/A	N/A	N/A	N/A	N/A	N/A
TFLLR	N/A	N/A	N/A	N/A	N/A	N/A	N/A	N/A	N/A	N/A
6-hydroxybenzo(a)pyrene	N/A	N/A	N/A	N/A	N/A	N/A	N/A	N/A	N/A	N/A
dexmedetomidine	N/A	N/A	N/A	N/A	N/A	N/A	N/A	N/A	N/A	N/A
lactacystin	N/A	N/A	N/A	N/A	N/A	N/A	N/A	N/A	N/A	N/A
CCM2	N/A	N/A	N/A	N/A	N/A	N/A	N/A	N/A	N/A	N/A
PH-797804	N/A	N/A	N/A	N/A	N/A	N/A	N/A	N/A	N/A	N/A
ANGPTL4	N/A	N/A	N/A	N/A	N/A	N/A	N/A	N/A	N/A	N/A
miR-24-3p (and other miRNAs w/seed GGCUCAG)	N/A	N/A	N/A	N/A	N/A	N/A	N/A	N/A	N/A	N/A
ROCK	N/A	N/A	N/A	N/A	N/A	N/A	N/A	N/A	N/A	N/A
Cr6+	N/A	N/A	N/A	N/A	N/A	N/A	N/A	N/A	N/A	N/A
grepafloxacin	N/A	N/A	N/A	N/A	N/A	N/A	N/A	N/A	N/A	N/A
NRIP1	N/A	N/A	N/A	N/A	N/A	N/A	N/A	N/A	N/A	N/A
pinometostat	N/A	N/A	N/A	N/A	N/A	N/A	N/A	N/A	N/A	N/A
3-methyladenine	N/A	N/A	N/A	N/A	N/A	N/A	N/A	N/A	N/A	N/A
clarithromycin	N/A	N/A	N/A	N/A	N/A	N/A	N/A	N/A	N/A	N/A
MECP2:GRIN2A gene	N/A	N/A	N/A	N/A	N/A	N/A	N/A	N/A	N/A	N/A
RPS6KA	N/A	N/A	N/A	N/A	N/A	N/A	N/A	N/A	N/A	N/A
USP50	N/A	N/A	N/A	N/A	N/A	N/A	N/A	N/A	N/A	N/A
cladribine	N/A	N/A	N/A	N/A	N/A	N/A	N/A	N/A	N/A	N/A
PAEP	N/A	N/A	N/A	N/A	N/A	N/A	N/A	N/A	N/A	N/A
buparlisib	N/A	N/A	N/A	N/A	N/A	N/A	N/A	N/A	N/A	N/A
AIMP1	N/A	N/A	N/A	N/A	N/A	N/A	N/A	N/A	N/A	N/A
MK2206	N/A	N/A	N/A	N/A	N/A	N/A	N/A	N/A	N/A	N/A
OPA1	N/A	N/A	N/A	N/A	N/A	N/A	N/A	N/A	N/A	N/A
BAR501	N/A	N/A	N/A	N/A	N/A	N/A	N/A	N/A	N/A	N/A
NRAS	N/A	N/A	N/A	N/A	N/A	N/A	N/A	N/A	N/A	N/A
glyoxylic acid	N/A	N/A	N/A	N/A	N/A	N/A	N/A	N/A	N/A	N/A
ABL1	N/A	N/A	N/A	N/A	N/A	N/A	N/A	N/A	N/A	N/A
psychosine	N/A	N/A	N/A	N/A	N/A	N/A	N/A	N/A	N/A	N/A
phenylbutazone	N/A	N/A	N/A	N/A	N/A	N/A	N/A	N/A	N/A	N/A
FGA	N/A	N/A	N/A	N/A	N/A	N/A	N/A	N/A	N/A	N/A
arginine methyl ester	N/A	N/A	N/A	N/A	N/A	N/A	N/A	N/A	N/A	N/A
platelet activating factor	N/A	N/A	N/A	N/A	N/A	N/A	N/A	N/A	N/A	N/A
vemurafenib	N/A	N/A	N/A	N/A	N/A	N/A	N/A	N/A	N/A	N/A
BCL3	N/A	N/A	N/A	N/A	N/A	N/A	N/A	N/A	N/A	N/A
AZU1	N/A	N/A	N/A	N/A	N/A	N/A	N/A	N/A	N/A	N/A
RPRM	N/A	N/A	N/A	N/A	N/A	N/A	N/A	N/A	N/A	N/A
F13A1	N/A	N/A	N/A	N/A	N/A	N/A	N/A	N/A	N/A	N/A
salmonella typhimurium lipopolysaccharide	N/A	N/A	N/A	N/A	N/A	N/A	N/A	N/A	N/A	N/A
histone H4	N/A	N/A	N/A	N/A	N/A	N/A	N/A	N/A	N/A	N/A
PX 478	N/A	N/A	N/A	N/A	N/A	N/A	N/A	N/A	N/A	N/A
BHLH	N/A	N/A	N/A	N/A	N/A	N/A	N/A	N/A	N/A	N/A
GNB1	N/A	N/A	N/A	N/A	N/A	N/A	N/A	N/A	N/A	N/A
Gstp1 (includes others)	N/A	N/A	N/A	N/A	N/A	N/A	N/A	N/A	N/A	N/A
AKT inhibitor VII	N/A	N/A	N/A	N/A	N/A	N/A	N/A	N/A	N/A	N/A
probucol	N/A	N/A	N/A	N/A	N/A	N/A	N/A	N/A	N/A	N/A
mir-324	N/A	N/A	N/A	N/A	N/A	N/A	N/A	N/A	N/A	N/A
entolimod	N/A	N/A	N/A	N/A	N/A	N/A	N/A	N/A	N/A	N/A
(R)-limonene	N/A	N/A	N/A	N/A	N/A	N/A	N/A	N/A	N/A	N/A
ziritaxestat	N/A	N/A	N/A	N/A	N/A	N/A	N/A	N/A	N/A	N/A
trans,trans-2,4-decadienal	N/A	N/A	N/A	N/A	N/A	N/A	N/A	N/A	N/A	N/A
zVAD	N/A	N/A	N/A	N/A	N/A	N/A	N/A	N/A	N/A	N/A
epalrestat	N/A	N/A	N/A	N/A	N/A	N/A	N/A	N/A	N/A	N/A
ITK	N/A	N/A	N/A	N/A	N/A	N/A	N/A	N/A	N/A	N/A
mefloquine	N/A	N/A	N/A	N/A	N/A	N/A	N/A	N/A	N/A	N/A
SLC18A2	N/A	N/A	N/A	N/A	N/A	N/A	N/A	N/A	N/A	N/A
satratoxin G	N/A	N/A	N/A	N/A	N/A	N/A	N/A	N/A	N/A	N/A
PTPN11	N/A	N/A	N/A	N/A	N/A	N/A	N/A	N/A	N/A	N/A
N6-carboxymethyl-lysine bovine serum albumin	N/A	N/A	N/A	N/A	N/A	N/A	N/A	N/A	N/A	N/A
NFATC1	N/A	N/A	N/A	N/A	N/A	N/A	N/A	N/A	N/A	N/A
ascomycin	N/A	N/A	N/A	N/A	N/A	N/A	N/A	N/A	N/A	N/A
baicalin	N/A	N/A	N/A	N/A	N/A	N/A	N/A	N/A	N/A	N/A
14',15'-epoNADA	N/A	N/A	N/A	N/A	N/A	N/A	N/A	N/A	N/A	N/A
BIRC3	N/A	N/A	N/A	N/A	N/A	N/A	N/A	N/A	N/A	N/A
GSK-2606414	N/A	N/A	N/A	N/A	N/A	N/A	N/A	N/A	N/A	N/A
PDGF (complex)	N/A	0.0	0.0	N/A	N/A	N/A	N/A	0.0	-0.0	-0.0
MASTL	N/A	N/A	N/A	N/A	N/A	N/A	N/A	N/A	N/A	N/A
3',4',7-trihydroxyisoflavone	N/A	N/A	N/A	N/A	N/A	N/A	N/A	N/A	N/A	N/A
REL/RELA/RELB	N/A	N/A	N/A	N/A	N/A	N/A	N/A	N/A	N/A	N/A
CYP1A1	N/A	N/A	N/A	N/A	N/A	N/A	N/A	N/A	N/A	N/A
N-carbobenzyloxy-leucine-leucine-norvalinal	N/A	N/A	N/A	N/A	N/A	N/A	N/A	N/A	N/A	N/A
bimekizumab	N/A	N/A	N/A	N/A	N/A	N/A	N/A	N/A	N/A	N/A
CLEC2A	N/A	N/A	N/A	N/A	N/A	N/A	N/A	N/A	N/A	N/A
syringin	N/A	N/A	N/A	N/A	N/A	N/A	N/A	N/A	N/A	N/A
3-TYP	N/A	N/A	N/A	N/A	N/A	N/A	N/A	N/A	N/A	N/A
miR-196a-5p (and other miRNAs w/seed AGGUAGU)	N/A	N/A	N/A	N/A	N/A	N/A	N/A	N/A	N/A	N/A
zidovudine	N/A	N/A	N/A	N/A	N/A	N/A	N/A	N/A	N/A	N/A
GAST	N/A	N/A	N/A	N/A	N/A	N/A	N/A	N/A	N/A	N/A
S100A13	N/A	N/A	N/A	N/A	N/A	N/A	N/A	N/A	N/A	N/A
polymyxin B	N/A	N/A	N/A	N/A	N/A	N/A	N/A	N/A	N/A	N/A
MARCO	N/A	N/A	N/A	N/A	N/A	N/A	N/A	N/A	N/A	N/A
CD200	N/A	N/A	N/A	N/A	N/A	N/A	N/A	N/A	N/A	N/A
ADORA3	N/A	N/A	N/A	N/A	N/A	N/A	N/A	N/A	N/A	N/A
brimapitide	N/A	N/A	N/A	N/A	N/A	N/A	N/A	N/A	N/A	N/A
TF	N/A	N/A	N/A	N/A	N/A	N/A	N/A	N/A	N/A	N/A
ADAM10	N/A	N/A	N/A	N/A	N/A	N/A	N/A	N/A	N/A	N/A
PTGES	N/A	N/A	N/A	N/A	N/A	N/A	N/A	N/A	N/A	N/A
POLR2M	N/A	N/A	N/A	N/A	N/A	N/A	N/A	N/A	N/A	N/A
OCLN	N/A	N/A	N/A	N/A	N/A	N/A	N/A	N/A	N/A	N/A
B4GALNT1	N/A	N/A	N/A	N/A	N/A	N/A	N/A	N/A	N/A	N/A
2-amino-5-azotoluene	N/A	N/A	N/A	N/A	N/A	N/A	N/A	N/A	N/A	N/A
GPSM3	N/A	N/A	N/A	N/A	N/A	N/A	N/A	N/A	N/A	N/A
tranexamic acid	N/A	N/A	N/A	N/A	N/A	N/A	N/A	N/A	N/A	N/A
PRKCI	N/A	N/A	N/A	N/A	N/A	N/A	N/A	N/A	N/A	N/A
bromodeoxyuridine	N/A	N/A	N/A	N/A	N/A	N/A	N/A	N/A	N/A	N/A
dapsone	N/A	N/A	N/A	N/A	N/A	N/A	N/A	N/A	N/A	N/A
HP1BP3	N/A	N/A	N/A	N/A	N/A	N/A	N/A	N/A	N/A	N/A
LILRA2	N/A	N/A	N/A	N/A	N/A	N/A	N/A	N/A	N/A	N/A
SAA1	N/A	N/A	N/A	N/A	N/A	N/A	N/A	N/A	N/A	N/A
CP-55940	N/A	N/A	N/A	N/A	N/A	N/A	N/A	N/A	N/A	N/A
prexasertib	N/A	N/A	N/A	N/A	N/A	N/A	N/A	N/A	N/A	N/A
CF-02	N/A	N/A	N/A	N/A	N/A	N/A	N/A	N/A	N/A	N/A
TSLP	N/A	N/A	N/A	N/A	N/A	N/A	N/A	N/A	N/A	N/A
DACH1	N/A	N/A	N/A	N/A	N/A	N/A	N/A	N/A	N/A	N/A
Phe-Pro-Arg-chloromethyl ketone	N/A	N/A	N/A	N/A	N/A	N/A	N/A	N/A	N/A	N/A
SIGLEC11	N/A	N/A	N/A	N/A	N/A	N/A	N/A	N/A	N/A	N/A
CDX-3379	N/A	N/A	N/A	N/A	N/A	N/A	N/A	N/A	N/A	N/A
CXCR1	N/A	N/A	N/A	N/A	N/A	N/A	N/A	N/A	N/A	N/A
NT157	N/A	N/A	N/A	N/A	N/A	N/A	N/A	N/A	N/A	N/A
TNFRSF1B	N/A	N/A	N/A	N/A	N/A	N/A	N/A	N/A	N/A	N/A
AHCY	N/A	N/A	N/A	N/A	N/A	N/A	N/A	N/A	N/A	N/A
PARK7	N/A	N/A	N/A	N/A	N/A	N/A	N/A	N/A	N/A	N/A
PD 128907	N/A	N/A	N/A	N/A	N/A	N/A	N/A	N/A	N/A	N/A
CTSS	N/A	N/A	N/A	N/A	N/A	N/A	N/A	N/A	N/A	N/A
MAPKAPK5	N/A	N/A	N/A	N/A	N/A	N/A	N/A	N/A	N/A	N/A
miR-125b-1-3p (miRNAs w/seed CGGGUUA)	N/A	N/A	N/A	N/A	N/A	N/A	N/A	N/A	N/A	N/A
calcifediol	N/A	N/A	N/A	N/A	N/A	N/A	N/A	N/A	N/A	N/A
NEFH	N/A	N/A	N/A	N/A	N/A	N/A	N/A	N/A	N/A	N/A
INS	N/A	N/A	N/A	N/A	N/A	N/A	N/A	N/A	N/A	N/A
NTNG2	N/A	N/A	N/A	N/A	N/A	N/A	N/A	N/A	N/A	N/A
IL17B	N/A	N/A	N/A	N/A	N/A	N/A	N/A	N/A	N/A	N/A
ELP1	N/A	N/A	N/A	N/A	N/A	N/A	N/A	N/A	N/A	N/A
beta-galactosidase	N/A	N/A	N/A	N/A	N/A	N/A	N/A	N/A	N/A	N/A
SRT1720	N/A	N/A	N/A	N/A	N/A	N/A	N/A	N/A	N/A	N/A
thioctic acid	N/A	N/A	N/A	N/A	N/A	N/A	N/A	N/A	N/A	N/A
NMN	N/A	N/A	N/A	N/A	N/A	N/A	N/A	N/A	N/A	N/A
Ro-1138452	N/A	N/A	N/A	N/A	N/A	N/A	N/A	N/A	N/A	N/A
alum compound	N/A	N/A	N/A	N/A	N/A	N/A	N/A	N/A	N/A	N/A
otenaproxesul	N/A	N/A	N/A	N/A	N/A	N/A	N/A	N/A	N/A	N/A
calpeptin	N/A	N/A	N/A	N/A	N/A	N/A	N/A	N/A	N/A	N/A
glucoobtusifolin	N/A	N/A	N/A	N/A	N/A	N/A	N/A	N/A	N/A	N/A
CYP2C8	N/A	N/A	N/A	N/A	N/A	N/A	N/A	N/A	N/A	N/A
KRT14	N/A	N/A	N/A	N/A	N/A	N/A	N/A	N/A	N/A	N/A
1-16:0 lysophosphatidylcholine	N/A	N/A	N/A	N/A	N/A	N/A	N/A	N/A	N/A	N/A
flufenamic acid	N/A	N/A	N/A	N/A	N/A	N/A	N/A	N/A	N/A	N/A
CDK9	N/A	N/A	N/A	N/A	N/A	N/A	N/A	N/A	N/A	N/A
tacrolimus	N/A	N/A	N/A	N/A	N/A	N/A	N/A	N/A	N/A	N/A
ONECUT1	N/A	N/A	N/A	N/A	N/A	N/A	N/A	N/A	N/A	N/A
ARNT/HIF1A	N/A	N/A	N/A	N/A	N/A	N/A	N/A	N/A	N/A	N/A
MIB2	N/A	N/A	N/A	N/A	N/A	N/A	N/A	N/A	N/A	N/A
phenacetin	N/A	N/A	N/A	N/A	N/A	N/A	N/A	N/A	N/A	N/A
HOXC5	N/A	N/A	N/A	N/A	N/A	N/A	N/A	N/A	N/A	N/A
ARPC1B	N/A	N/A	N/A	N/A	N/A	N/A	N/A	N/A	N/A	N/A
GNA14	N/A	N/A	N/A	N/A	N/A	N/A	N/A	N/A	N/A	N/A
filipin	N/A	N/A	N/A	N/A	N/A	N/A	N/A	N/A	N/A	N/A
resolvin D1	N/A	N/A	N/A	N/A	N/A	N/A	N/A	N/A	N/A	N/A
MYBPC1	N/A	N/A	N/A	N/A	N/A	N/A	N/A	N/A	N/A	N/A
Fgfr2-Pgap2	N/A	N/A	N/A	N/A	N/A	N/A	N/A	N/A	N/A	N/A
RPS6KA5	N/A	N/A	N/A	N/A	N/A	N/A	N/A	N/A	N/A	N/A
CXADR	N/A	N/A	N/A	N/A	N/A	N/A	N/A	N/A	N/A	N/A
mir-204 (includes others)	N/A	N/A	N/A	N/A	N/A	N/A	N/A	N/A	N/A	N/A
vidarabine	N/A	N/A	N/A	N/A	N/A	N/A	N/A	N/A	N/A	N/A
PXR/RXRA/pxr ligand/retinoic acid	N/A	N/A	N/A	N/A	N/A	N/A	N/A	N/A	N/A	N/A
MIA-459	N/A	N/A	N/A	N/A	N/A	N/A	N/A	N/A	N/A	N/A
MGA	N/A	N/A	N/A	N/A	N/A	N/A	N/A	N/A	N/A	N/A
NEGR1	N/A	N/A	N/A	N/A	N/A	N/A	N/A	N/A	N/A	N/A
CHS-828	N/A	N/A	N/A	N/A	N/A	N/A	N/A	N/A	N/A	N/A
PDGFD	N/A	N/A	N/A	N/A	N/A	N/A	N/A	N/A	N/A	N/A
STX11	N/A	N/A	N/A	N/A	N/A	N/A	N/A	N/A	N/A	N/A
vasoactive intestinal peptide	N/A	N/A	N/A	N/A	N/A	N/A	N/A	N/A	N/A	N/A
LIPE	N/A	N/A	N/A	N/A	N/A	N/A	N/A	N/A	N/A	N/A
N(1)-methylnicotinamide	N/A	N/A	N/A	N/A	N/A	N/A	N/A	N/A	N/A	N/A
2-butenal	N/A	N/A	N/A	N/A	N/A	N/A	N/A	N/A	N/A	N/A
2-phenylacetamide	N/A	N/A	N/A	N/A	N/A	N/A	N/A	N/A	N/A	N/A
MUC16	N/A	N/A	N/A	N/A	N/A	N/A	N/A	N/A	N/A	N/A
MYF6	N/A	N/A	N/A	N/A	N/A	N/A	N/A	N/A	N/A	N/A
LMB-100	N/A	N/A	N/A	N/A	N/A	N/A	N/A	N/A	N/A	N/A
sinomenine	N/A	N/A	N/A	N/A	N/A	N/A	N/A	N/A	N/A	N/A
EGFR/ERBB2	N/A	N/A	N/A	N/A	N/A	N/A	N/A	N/A	N/A	N/A
nadifloxacin	N/A	N/A	N/A	N/A	N/A	N/A	N/A	N/A	N/A	N/A
LY117018	N/A	N/A	N/A	N/A	N/A	N/A	N/A	N/A	N/A	N/A
MR1	N/A	N/A	N/A	N/A	N/A	N/A	N/A	N/A	N/A	N/A
buthionine sulfoximine	N/A	N/A	N/A	N/A	N/A	N/A	N/A	N/A	N/A	N/A
verapamil	N/A	N/A	N/A	N/A	N/A	N/A	N/A	N/A	N/A	N/A
CGS9343B	N/A	N/A	N/A	N/A	N/A	N/A	N/A	N/A	N/A	N/A
PF-562271	N/A	N/A	N/A	N/A	N/A	N/A	N/A	N/A	N/A	N/A
chlormethiazole	N/A	N/A	N/A	N/A	N/A	N/A	N/A	N/A	N/A	N/A
UCN	N/A	N/A	N/A	N/A	N/A	N/A	N/A	N/A	N/A	N/A
SPINDOC	N/A	N/A	N/A	N/A	N/A	N/A	N/A	N/A	N/A	N/A
leucine-2-alanine enkephalin	N/A	N/A	N/A	N/A	N/A	N/A	N/A	N/A	N/A	N/A
POGLUT3	N/A	N/A	N/A	N/A	N/A	N/A	N/A	N/A	N/A	N/A
SERPINB3	N/A	N/A	N/A	N/A	N/A	N/A	N/A	N/A	N/A	N/A
ZNF710	N/A	N/A	N/A	N/A	N/A	N/A	N/A	N/A	N/A	N/A
PHGDH	N/A	N/A	N/A	N/A	N/A	N/A	N/A	N/A	N/A	N/A
FCGR3 (family)	N/A	N/A	N/A	N/A	N/A	N/A	N/A	N/A	N/A	N/A
NOD1	N/A	N/A	N/A	N/A	N/A	N/A	N/A	N/A	N/A	N/A
sudemycin D6	N/A	N/A	N/A	N/A	N/A	N/A	N/A	N/A	N/A	N/A
HIC1	N/A	N/A	N/A	N/A	N/A	N/A	N/A	N/A	N/A	N/A
TASL	N/A	N/A	N/A	N/A	N/A	N/A	N/A	N/A	N/A	N/A
FOXE1	N/A	N/A	N/A	N/A	N/A	N/A	N/A	N/A	N/A	N/A
D609	N/A	N/A	N/A	N/A	N/A	N/A	N/A	N/A	N/A	N/A
levetiracetam	N/A	N/A	N/A	N/A	N/A	N/A	N/A	N/A	N/A	N/A
CLEC4D	N/A	N/A	N/A	N/A	N/A	N/A	N/A	N/A	N/A	N/A
TLR2/3/4	N/A	N/A	N/A	N/A	N/A	N/A	N/A	N/A	N/A	N/A
SB 220025	N/A	N/A	N/A	N/A	N/A	N/A	N/A	N/A	N/A	N/A
F13B	N/A	N/A	N/A	N/A	N/A	N/A	N/A	N/A	N/A	N/A
APOC3	N/A	N/A	N/A	N/A	N/A	N/A	N/A	N/A	N/A	N/A
chloropromazine	N/A	N/A	N/A	N/A	N/A	N/A	N/A	N/A	N/A	N/A
mir-708	N/A	N/A	N/A	N/A	N/A	N/A	N/A	N/A	N/A	N/A
RELL1	N/A	N/A	N/A	N/A	N/A	N/A	N/A	N/A	N/A	N/A
2-(N-myristoylamino)-1-phenyl-1-propanol	N/A	N/A	N/A	N/A	N/A	N/A	N/A	N/A	N/A	N/A
G0S2	N/A	N/A	N/A	N/A	N/A	N/A	N/A	N/A	N/A	N/A
IgG2b	N/A	N/A	N/A	N/A	N/A	N/A	N/A	N/A	N/A	N/A
Z-WEHD-FMK	N/A	N/A	N/A	N/A	N/A	N/A	N/A	N/A	N/A	N/A
Am 580	N/A	N/A	N/A	N/A	N/A	N/A	N/A	N/A	N/A	N/A
ADGRA3	N/A	N/A	N/A	N/A	N/A	N/A	N/A	N/A	N/A	N/A
MAOA	N/A	N/A	N/A	N/A	N/A	N/A	N/A	N/A	N/A	N/A
SETDB1	N/A	N/A	N/A	N/A	N/A	N/A	N/A	N/A	N/A	N/A
cicaprost	N/A	N/A	N/A	N/A	N/A	N/A	N/A	N/A	N/A	N/A
eplerenone	N/A	N/A	N/A	N/A	N/A	N/A	N/A	N/A	N/A	N/A
trans-4,5-dihydroxy-4,5-dihydrobenzo(a)pyrene	N/A	N/A	N/A	N/A	N/A	N/A	N/A	N/A	N/A	N/A
HLA-DR	N/A	N/A	N/A	N/A	N/A	N/A	N/A	N/A	N/A	N/A
Agtr1a	N/A	N/A	N/A	N/A	N/A	N/A	N/A	N/A	N/A	N/A
EPHA2	N/A	N/A	N/A	N/A	N/A	N/A	N/A	N/A	N/A	N/A
PFK-158	N/A	N/A	N/A	N/A	N/A	N/A	N/A	N/A	N/A	N/A
ilomastat	N/A	N/A	N/A	N/A	N/A	N/A	N/A	N/A	N/A	N/A
YM-58483	N/A	N/A	N/A	N/A	N/A	N/A	N/A	N/A	N/A	N/A
RUNX2	N/A	N/A	N/A	N/A	N/A	N/A	N/A	N/A	N/A	N/A
DEPDC1	N/A	N/A	N/A	N/A	N/A	N/A	N/A	N/A	N/A	N/A
ERF	N/A	N/A	N/A	N/A	N/A	N/A	N/A	N/A	N/A	N/A
ZSCAN1	N/A	N/A	N/A	N/A	N/A	N/A	N/A	N/A	N/A	N/A
STAT5A/B	N/A	N/A	0.0	N/A	0.0	N/A	N/A	0.0	N/A	N/A
SNCG	N/A	N/A	N/A	N/A	N/A	N/A	N/A	N/A	N/A	N/A
GPX8	N/A	N/A	N/A	N/A	N/A	N/A	N/A	N/A	N/A	N/A
stallimycin	N/A	N/A	N/A	N/A	N/A	N/A	N/A	N/A	N/A	N/A
choline	N/A	N/A	N/A	N/A	N/A	N/A	N/A	N/A	N/A	N/A
YWHAE	N/A	N/A	N/A	N/A	N/A	N/A	N/A	N/A	N/A	N/A
EIF3C	N/A	N/A	N/A	N/A	N/A	N/A	N/A	N/A	N/A	N/A
CYM-5541	N/A	N/A	N/A	N/A	N/A	N/A	N/A	N/A	N/A	N/A
IRF9	N/A	N/A	N/A	N/A	N/A	N/A	N/A	N/A	N/A	N/A
acolbifene	N/A	N/A	N/A	N/A	N/A	N/A	N/A	N/A	N/A	N/A
nicotinic acid	N/A	N/A	N/A	N/A	N/A	N/A	N/A	N/A	N/A	N/A
nomifensine	N/A	N/A	N/A	N/A	N/A	N/A	N/A	N/A	N/A	N/A
PDCD6IP	N/A	N/A	N/A	N/A	N/A	N/A	N/A	N/A	N/A	N/A
diaziquone	N/A	N/A	N/A	N/A	N/A	N/A	N/A	N/A	N/A	N/A
PYCARD	N/A	N/A	N/A	N/A	N/A	N/A	N/A	N/A	N/A	N/A
TFAP2C	N/A	N/A	N/A	N/A	N/A	N/A	N/A	N/A	N/A	N/A
AKTIP	N/A	N/A	N/A	N/A	N/A	N/A	N/A	N/A	N/A	N/A
Gbp5	N/A	N/A	N/A	N/A	N/A	N/A	N/A	N/A	N/A	N/A
eicosapentaenoic acid	N/A	N/A	N/A	N/A	N/A	N/A	N/A	N/A	N/A	N/A
FB23-2	N/A	N/A	N/A	N/A	N/A	N/A	N/A	N/A	N/A	N/A
avexitide	N/A	N/A	N/A	N/A	N/A	N/A	N/A	N/A	N/A	N/A
BGN	N/A	N/A	N/A	N/A	N/A	N/A	N/A	N/A	N/A	N/A
erucic acid	N/A	N/A	N/A	N/A	N/A	N/A	N/A	N/A	N/A	N/A
15-A2-cyclopentenone isoprostane	N/A	N/A	N/A	N/A	N/A	N/A	N/A	N/A	N/A	N/A
USP21	N/A	N/A	N/A	N/A	N/A	N/A	N/A	N/A	N/A	N/A
ATG16L1	N/A	N/A	N/A	N/A	N/A	N/A	N/A	N/A	N/A	N/A
ICOS	N/A	N/A	N/A	N/A	N/A	N/A	N/A	N/A	N/A	N/A
galactosylceramide-alpha	N/A	N/A	N/A	N/A	N/A	N/A	N/A	N/A	N/A	N/A
EPHB2	N/A	N/A	N/A	N/A	N/A	N/A	N/A	N/A	N/A	N/A
miR-20a-3p (miRNAs w/seed CUGCAUU)	N/A	N/A	N/A	N/A	N/A	N/A	N/A	N/A	N/A	N/A
2-aminoadipic acid	N/A	N/A	N/A	N/A	N/A	N/A	N/A	N/A	N/A	N/A
8-hydroxyguanine	N/A	N/A	N/A	N/A	N/A	N/A	N/A	N/A	N/A	N/A
ceramide	N/A	N/A	N/A	N/A	N/A	N/A	N/A	N/A	N/A	N/A
histone H2A	N/A	N/A	N/A	N/A	N/A	N/A	N/A	N/A	N/A	N/A
H-[1,2,4]oxadiazolo[4,3-alpha]quinoxalin-1-one	N/A	N/A	N/A	N/A	N/A	N/A	N/A	N/A	N/A	N/A
thenoyltrifluoroacetone	N/A	N/A	N/A	N/A	N/A	N/A	N/A	N/A	N/A	N/A
SB204990	N/A	N/A	N/A	N/A	N/A	N/A	N/A	N/A	N/A	N/A
ZNF300	N/A	N/A	N/A	N/A	N/A	N/A	N/A	N/A	N/A	N/A
P2RY2	N/A	N/A	N/A	N/A	N/A	N/A	N/A	N/A	N/A	N/A
HES6	N/A	N/A	N/A	N/A	N/A	N/A	N/A	N/A	N/A	N/A
ROCK2	N/A	N/A	N/A	N/A	N/A	N/A	N/A	N/A	N/A	N/A
collagenase	N/A	N/A	N/A	N/A	N/A	N/A	N/A	N/A	N/A	N/A
CTSE	N/A	N/A	N/A	N/A	N/A	N/A	N/A	N/A	N/A	N/A
LPIN2	N/A	N/A	N/A	N/A	N/A	N/A	N/A	N/A	N/A	N/A
imipramine	N/A	N/A	N/A	N/A	N/A	N/A	N/A	N/A	N/A	N/A
Naip1 (includes others)	N/A	N/A	N/A	N/A	N/A	N/A	N/A	N/A	N/A	N/A
Cyp4a14	N/A	N/A	N/A	N/A	N/A	N/A	N/A	N/A	N/A	N/A
TRPM7	N/A	N/A	N/A	N/A	N/A	N/A	N/A	N/A	N/A	N/A
mir-920	N/A	N/A	N/A	N/A	N/A	N/A	N/A	N/A	N/A	N/A
PTC-209	N/A	N/A	N/A	N/A	N/A	N/A	N/A	N/A	N/A	N/A
PTPN1	N/A	N/A	N/A	N/A	N/A	N/A	N/A	N/A	N/A	N/A
SR2211	N/A	N/A	N/A	N/A	N/A	N/A	N/A	N/A	N/A	N/A
NMU	N/A	N/A	N/A	N/A	N/A	N/A	N/A	N/A	N/A	N/A
IRAK3	N/A	N/A	N/A	N/A	N/A	N/A	N/A	N/A	N/A	N/A
SMAD5	N/A	N/A	N/A	N/A	N/A	N/A	N/A	N/A	N/A	N/A
PRCP	N/A	N/A	N/A	N/A	N/A	N/A	N/A	N/A	N/A	N/A
SLCO1B3	N/A	N/A	N/A	N/A	N/A	N/A	N/A	N/A	N/A	N/A
15-LOX	N/A	N/A	N/A	N/A	N/A	N/A	N/A	N/A	N/A	N/A
DUSP5	N/A	N/A	N/A	N/A	N/A	N/A	N/A	N/A	N/A	N/A
enzastaurin	N/A	N/A	N/A	N/A	N/A	N/A	N/A	N/A	N/A	N/A
pazopanib	N/A	N/A	N/A	N/A	N/A	N/A	N/A	N/A	N/A	N/A
HMGA2	N/A	N/A	N/A	N/A	N/A	N/A	N/A	N/A	N/A	N/A
AQP4	N/A	N/A	N/A	N/A	N/A	N/A	N/A	N/A	N/A	N/A
GIP	N/A	N/A	N/A	N/A	N/A	N/A	N/A	N/A	N/A	N/A
propyl gallate	N/A	N/A	N/A	N/A	N/A	N/A	N/A	N/A	N/A	N/A
mir-5701 (includes others)	N/A	N/A	N/A	N/A	N/A	N/A	N/A	N/A	N/A	N/A
ELF5	N/A	N/A	N/A	N/A	N/A	N/A	N/A	N/A	N/A	N/A
tubastatin A	N/A	N/A	N/A	N/A	N/A	N/A	N/A	N/A	N/A	N/A
nivolumab	N/A	N/A	N/A	N/A	N/A	N/A	N/A	N/A	N/A	N/A
VHL	N/A	N/A	N/A	N/A	N/A	N/A	N/A	N/A	N/A	N/A
testosterone cypionate	N/A	N/A	N/A	N/A	N/A	N/A	N/A	N/A	N/A	N/A
LY6E	N/A	N/A	N/A	N/A	N/A	N/A	N/A	N/A	N/A	N/A
CHADL	N/A	N/A	N/A	N/A	N/A	N/A	N/A	N/A	N/A	N/A
CCL25	N/A	N/A	N/A	N/A	N/A	N/A	N/A	N/A	N/A	N/A
SOD1	N/A	N/A	N/A	N/A	N/A	N/A	N/A	N/A	N/A	N/A
bromisoval	N/A	N/A	N/A	N/A	N/A	N/A	N/A	N/A	N/A	N/A
LTBP2	N/A	N/A	N/A	N/A	N/A	N/A	N/A	N/A	N/A	N/A
ALX4	N/A	N/A	N/A	N/A	N/A	N/A	N/A	N/A	N/A	N/A
PRKN	N/A	N/A	N/A	N/A	N/A	N/A	N/A	N/A	N/A	N/A
FKBP4	N/A	N/A	N/A	N/A	N/A	N/A	N/A	N/A	N/A	N/A
PIN1	N/A	N/A	N/A	N/A	N/A	N/A	N/A	N/A	N/A	N/A
ZG16	N/A	N/A	N/A	N/A	N/A	N/A	N/A	N/A	N/A	N/A
anti-miR-340-5p inhibitor	N/A	N/A	N/A	N/A	N/A	N/A	N/A	N/A	N/A	N/A
tin	N/A	N/A	N/A	N/A	N/A	N/A	N/A	N/A	N/A	N/A
HSP27	N/A	N/A	N/A	N/A	N/A	N/A	N/A	N/A	N/A	N/A
CD-38 inhibitor 78c	N/A	N/A	N/A	N/A	N/A	N/A	N/A	N/A	N/A	N/A
CP 96345	N/A	N/A	N/A	N/A	N/A	N/A	N/A	N/A	N/A	N/A
CANX	N/A	N/A	N/A	N/A	N/A	N/A	N/A	N/A	N/A	N/A
HK1	N/A	N/A	N/A	N/A	N/A	N/A	N/A	N/A	N/A	N/A
CTBP2	N/A	N/A	N/A	N/A	N/A	N/A	N/A	N/A	N/A	N/A
ADAMDEC1	N/A	N/A	N/A	N/A	N/A	N/A	N/A	N/A	N/A	N/A
mir-374 (includes others)	N/A	N/A	N/A	N/A	N/A	N/A	N/A	N/A	N/A	N/A
2,3,7,8-tetrachlorodibenzofuran	N/A	N/A	N/A	N/A	N/A	N/A	N/A	N/A	N/A	N/A
L-alpha-hydroxyglutarate	N/A	N/A	N/A	N/A	N/A	N/A	N/A	N/A	N/A	N/A
FCN1	N/A	N/A	N/A	N/A	N/A	N/A	N/A	N/A	N/A	N/A
CD163	N/A	N/A	N/A	N/A	N/A	N/A	N/A	N/A	N/A	N/A
WZB117	N/A	N/A	N/A	N/A	N/A	N/A	N/A	N/A	N/A	N/A
miR-23a-3p (and other miRNAs w/seed UCACAUU)	N/A	N/A	N/A	N/A	N/A	N/A	N/A	N/A	N/A	N/A
N4BP1	N/A	N/A	N/A	N/A	N/A	N/A	N/A	N/A	N/A	N/A
RNF152	N/A	N/A	N/A	N/A	N/A	N/A	N/A	N/A	N/A	N/A
FOSB	N/A	N/A	N/A	N/A	N/A	N/A	N/A	N/A	N/A	N/A
3-hydroxykynurenamine	N/A	N/A	N/A	N/A	N/A	N/A	N/A	N/A	N/A	N/A
U2AF2	N/A	N/A	N/A	N/A	N/A	N/A	N/A	N/A	N/A	N/A
ADRA2B	N/A	N/A	N/A	N/A	N/A	N/A	N/A	N/A	N/A	N/A
romidepsin	N/A	N/A	N/A	N/A	N/A	N/A	N/A	N/A	N/A	N/A
IL22RA2	N/A	N/A	N/A	N/A	N/A	N/A	N/A	N/A	N/A	N/A
14-oxoDHA	N/A	N/A	N/A	N/A	N/A	N/A	N/A	N/A	N/A	N/A
Snhg8	N/A	N/A	N/A	N/A	N/A	N/A	N/A	N/A	N/A	N/A
indicaxanthin	N/A	N/A	N/A	N/A	N/A	N/A	N/A	N/A	N/A	N/A
ketamine	N/A	N/A	N/A	N/A	N/A	N/A	N/A	N/A	N/A	N/A
TSH	N/A	N/A	N/A	N/A	N/A	N/A	N/A	N/A	N/A	N/A
5R-hydroxytriptolide	N/A	N/A	N/A	N/A	N/A	N/A	N/A	N/A	N/A	N/A
P2RY6	N/A	N/A	N/A	N/A	N/A	N/A	N/A	N/A	N/A	N/A
ILKAP	N/A	N/A	N/A	N/A	N/A	N/A	N/A	N/A	N/A	N/A
PRMT8	N/A	N/A	N/A	N/A	N/A	N/A	N/A	N/A	N/A	N/A
TPH1	N/A	N/A	N/A	N/A	N/A	N/A	N/A	N/A	N/A	N/A
INPPL1	N/A	N/A	N/A	N/A	N/A	N/A	N/A	N/A	N/A	N/A
COPA	N/A	N/A	N/A	N/A	N/A	N/A	N/A	N/A	N/A	N/A
quercetin-3-methyl ether	N/A	N/A	N/A	N/A	N/A	N/A	N/A	N/A	N/A	N/A
UNC1062	N/A	N/A	N/A	N/A	N/A	N/A	N/A	N/A	N/A	N/A
CYP2J2	N/A	N/A	N/A	N/A	N/A	N/A	N/A	N/A	N/A	N/A
betulin	N/A	N/A	N/A	N/A	N/A	N/A	N/A	N/A	N/A	N/A
TXNIP	N/A	N/A	N/A	N/A	N/A	N/A	N/A	N/A	N/A	N/A
vanadyl sulfate	N/A	N/A	N/A	N/A	N/A	N/A	N/A	N/A	N/A	N/A
dehydroisoandrosterone	N/A	N/A	N/A	N/A	N/A	N/A	N/A	N/A	N/A	N/A
VRK1	N/A	N/A	N/A	N/A	N/A	N/A	N/A	N/A	N/A	N/A
LETMD1	N/A	N/A	N/A	N/A	N/A	N/A	N/A	N/A	N/A	N/A
D-fructose	N/A	N/A	N/A	N/A	N/A	N/A	N/A	N/A	N/A	N/A
TSPO	N/A	N/A	N/A	N/A	N/A	N/A	N/A	N/A	N/A	N/A
BRINP1	N/A	N/A	N/A	N/A	N/A	N/A	N/A	N/A	N/A	N/A
smectite	N/A	N/A	N/A	N/A	N/A	N/A	N/A	N/A	N/A	N/A
dimethisoquin	N/A	N/A	N/A	N/A	N/A	N/A	N/A	N/A	N/A	N/A
GDF5	N/A	N/A	N/A	N/A	N/A	N/A	N/A	N/A	N/A	N/A
muscarine	N/A	N/A	N/A	N/A	N/A	N/A	N/A	N/A	N/A	N/A
FPS-ZM1	N/A	N/A	N/A	N/A	N/A	N/A	N/A	N/A	N/A	N/A
BAG4	N/A	N/A	N/A	N/A	N/A	N/A	N/A	N/A	N/A	N/A
ARRB1	N/A	N/A	N/A	N/A	N/A	N/A	N/A	N/A	N/A	N/A
roflumilast	N/A	N/A	N/A	N/A	N/A	N/A	N/A	N/A	N/A	N/A
columbamine	N/A	N/A	N/A	N/A	N/A	N/A	N/A	N/A	N/A	N/A
SMPD2	N/A	N/A	N/A	N/A	N/A	N/A	N/A	N/A	N/A	N/A
TLR7/8	N/A	N/A	N/A	N/A	N/A	N/A	N/A	N/A	N/A	N/A
POPDC2	N/A	N/A	N/A	N/A	N/A	N/A	N/A	N/A	N/A	N/A
INAVA	N/A	N/A	N/A	N/A	N/A	N/A	N/A	N/A	N/A	N/A
RAR	N/A	N/A	N/A	N/A	N/A	N/A	N/A	N/A	N/A	N/A
NR2E3	N/A	N/A	N/A	N/A	N/A	N/A	N/A	N/A	N/A	N/A
MED1	N/A	N/A	N/A	N/A	N/A	N/A	N/A	N/A	N/A	N/A
ETS2	N/A	N/A	N/A	N/A	N/A	N/A	N/A	N/A	N/A	N/A
tetramethylpyrazine	N/A	N/A	N/A	N/A	N/A	N/A	N/A	N/A	N/A	N/A
NTS	N/A	N/A	N/A	N/A	N/A	N/A	N/A	N/A	N/A	N/A
TG6-10-1	N/A	N/A	N/A	N/A	N/A	N/A	N/A	N/A	N/A	N/A
colfosceril palmitate	N/A	N/A	N/A	N/A	N/A	N/A	N/A	N/A	N/A	N/A
UNC93B1	N/A	N/A	N/A	N/A	N/A	N/A	N/A	N/A	N/A	N/A
biochanin A	N/A	N/A	N/A	N/A	N/A	N/A	N/A	N/A	N/A	N/A
cytochalasin B	N/A	N/A	N/A	N/A	N/A	N/A	N/A	N/A	N/A	N/A
roquinimex	N/A	N/A	N/A	N/A	N/A	N/A	N/A	N/A	N/A	N/A
CDK5RAP2	N/A	N/A	N/A	N/A	N/A	N/A	N/A	N/A	N/A	N/A
MK2 inhibitory peptide	N/A	N/A	N/A	N/A	N/A	N/A	N/A	N/A	N/A	N/A
ferrous chloride	N/A	N/A	N/A	N/A	N/A	N/A	N/A	N/A	N/A	N/A
CRX	N/A	N/A	N/A	N/A	N/A	N/A	N/A	N/A	N/A	N/A
PLA2G1B	N/A	N/A	N/A	N/A	N/A	N/A	N/A	N/A	N/A	N/A
brusatol	N/A	N/A	N/A	N/A	N/A	N/A	N/A	N/A	N/A	N/A
miR-345-3p (miRNAs w/seed CCUGAAC)	N/A	N/A	N/A	N/A	N/A	N/A	N/A	N/A	N/A	N/A
BLM	N/A	N/A	0.0	N/A	0.0	N/A	N/A	0.0	N/A	N/A
CC8490	N/A	N/A	N/A	N/A	N/A	N/A	N/A	N/A	N/A	N/A
1-(ethylthio)-4-(2-phenylethyl)-4H-spiro[benzo[h][1,2,4]triazolo[4,3-a]quinazoline-6,1'-cyclohexan]-5(7H)-one	N/A	N/A	N/A	N/A	N/A	N/A	N/A	N/A	N/A	N/A
anastrozole	N/A	N/A	N/A	N/A	N/A	N/A	N/A	N/A	N/A	N/A
USP7	N/A	N/A	N/A	N/A	N/A	N/A	N/A	N/A	N/A	N/A
lactose	N/A	N/A	N/A	N/A	N/A	N/A	N/A	N/A	N/A	N/A
mir-515 (includes others)	N/A	N/A	N/A	N/A	N/A	N/A	N/A	N/A	N/A	N/A
captopril	N/A	N/A	N/A	N/A	N/A	N/A	N/A	N/A	N/A	N/A
Cxcl10	N/A	N/A	N/A	N/A	N/A	N/A	N/A	N/A	N/A	N/A
SR1555	N/A	N/A	N/A	N/A	N/A	N/A	N/A	N/A	N/A	N/A
IRAK1/4 inhibitor I	N/A	N/A	N/A	N/A	N/A	N/A	N/A	N/A	N/A	N/A
prostaglandin A1	N/A	N/A	N/A	N/A	N/A	N/A	N/A	N/A	N/A	N/A
ACKR2	N/A	N/A	N/A	N/A	N/A	N/A	N/A	N/A	N/A	N/A
IL36RN	N/A	N/A	N/A	N/A	N/A	N/A	N/A	N/A	N/A	N/A
myrtenol	N/A	N/A	N/A	N/A	N/A	N/A	N/A	N/A	N/A	N/A
FEZF1	N/A	N/A	N/A	N/A	N/A	N/A	N/A	N/A	N/A	N/A
AX15839	N/A	N/A	N/A	N/A	N/A	N/A	N/A	N/A	N/A	N/A
S100A6	N/A	N/A	N/A	N/A	N/A	N/A	N/A	N/A	N/A	N/A
PELI2	N/A	N/A	N/A	N/A	N/A	N/A	N/A	N/A	N/A	N/A
C1Q	N/A	N/A	N/A	N/A	N/A	N/A	N/A	N/A	N/A	N/A
CD300LF	N/A	N/A	N/A	N/A	N/A	N/A	N/A	N/A	N/A	N/A
CERS5	N/A	N/A	N/A	N/A	N/A	N/A	N/A	N/A	N/A	N/A
P2RY12	N/A	N/A	N/A	N/A	N/A	N/A	N/A	N/A	N/A	N/A
TRG-GCC1	N/A	N/A	N/A	N/A	N/A	N/A	N/A	N/A	N/A	N/A
thymoquinone	N/A	N/A	N/A	N/A	N/A	N/A	N/A	N/A	N/A	N/A
CEACAM21	N/A	N/A	N/A	N/A	N/A	N/A	N/A	N/A	N/A	N/A
ACVRL1	N/A	N/A	N/A	N/A	N/A	N/A	N/A	N/A	N/A	N/A
IL18RAP	N/A	N/A	N/A	N/A	N/A	N/A	N/A	N/A	N/A	N/A
LORICRIN	N/A	N/A	N/A	N/A	N/A	N/A	N/A	N/A	N/A	N/A
PF-4878691	N/A	N/A	N/A	N/A	N/A	N/A	N/A	N/A	N/A	N/A
Cst3	N/A	N/A	N/A	N/A	N/A	N/A	N/A	N/A	N/A	N/A
ATPase	N/A	N/A	N/A	N/A	N/A	N/A	N/A	N/A	N/A	N/A
luteolin	N/A	N/A	N/A	N/A	N/A	N/A	N/A	N/A	N/A	N/A
CLU	N/A	N/A	N/A	N/A	N/A	N/A	N/A	N/A	N/A	N/A
MAOB	N/A	N/A	N/A	N/A	N/A	N/A	N/A	N/A	N/A	N/A
ANK2	N/A	N/A	N/A	N/A	N/A	N/A	N/A	N/A	N/A	N/A
10-(9Z-hexadecenoyloxy)-octadecanoic acid	N/A	N/A	N/A	N/A	N/A	N/A	N/A	N/A	N/A	N/A
2R,4R-4-aminopyrrolidine-2,4-dicarboxylic acid	N/A	N/A	N/A	N/A	N/A	N/A	N/A	N/A	N/A	N/A
11,12-epoxyeicosatrienoic acid	N/A	N/A	N/A	N/A	N/A	N/A	N/A	N/A	N/A	N/A
AIM2	N/A	N/A	N/A	N/A	N/A	N/A	N/A	N/A	N/A	N/A
IGFBP3	N/A	N/A	N/A	N/A	N/A	N/A	N/A	N/A	N/A	N/A
cyanuric acid	N/A	N/A	N/A	N/A	N/A	N/A	N/A	N/A	N/A	N/A
mannose-modified gamma-cyclodextrin	N/A	N/A	N/A	N/A	N/A	N/A	N/A	N/A	N/A	N/A
senicapoc	N/A	N/A	N/A	N/A	N/A	N/A	N/A	N/A	N/A	N/A
oxazolone	N/A	N/A	N/A	N/A	N/A	N/A	N/A	N/A	N/A	N/A
potassium perchlorate	N/A	N/A	N/A	N/A	N/A	N/A	N/A	N/A	N/A	N/A
KIF4A	N/A	N/A	N/A	N/A	N/A	N/A	N/A	N/A	N/A	N/A
desethylamiodarone	N/A	N/A	N/A	N/A	N/A	N/A	N/A	N/A	N/A	N/A
5-stearic acid hydroxy stearic acid	N/A	N/A	N/A	N/A	N/A	N/A	N/A	N/A	N/A	N/A
RAP1A	N/A	N/A	N/A	N/A	N/A	N/A	N/A	N/A	N/A	N/A
IFIH1	N/A	N/A	N/A	N/A	N/A	N/A	N/A	N/A	N/A	N/A
C1QTNF1	N/A	N/A	N/A	N/A	N/A	N/A	N/A	N/A	N/A	N/A
PD184352	N/A	N/A	N/A	N/A	N/A	N/A	N/A	N/A	N/A	N/A
PRKAG3	N/A	N/A	N/A	N/A	N/A	N/A	N/A	N/A	N/A	N/A
KSRP:mRNA Degradation	N/A	N/A	N/A	N/A	N/A	N/A	N/A	N/A	N/A	N/A
ADM	N/A	N/A	N/A	N/A	N/A	N/A	N/A	N/A	N/A	N/A
NCF2	N/A	N/A	N/A	N/A	N/A	N/A	N/A	N/A	N/A	N/A
IC	N/A	N/A	N/A	N/A	N/A	N/A	N/A	N/A	N/A	N/A
Serpinb3a	N/A	N/A	N/A	N/A	N/A	N/A	N/A	N/A	N/A	N/A
trimellitic anhydride	N/A	N/A	N/A	N/A	N/A	N/A	N/A	N/A	N/A	N/A
zearalenone	N/A	N/A	N/A	N/A	N/A	N/A	N/A	N/A	N/A	N/A
LTBR	N/A	N/A	N/A	N/A	N/A	N/A	N/A	N/A	N/A	N/A
ebselen	N/A	N/A	N/A	N/A	N/A	N/A	N/A	N/A	N/A	N/A
AATK	N/A	N/A	N/A	N/A	N/A	N/A	N/A	N/A	N/A	N/A
PILRA	N/A	N/A	N/A	N/A	N/A	N/A	N/A	N/A	N/A	N/A
miR-186-5p (miRNAs w/seed AAAGAAU)	N/A	N/A	N/A	N/A	N/A	N/A	N/A	N/A	N/A	N/A
THPO	N/A	N/A	N/A	N/A	N/A	N/A	N/A	N/A	N/A	N/A
ITGB4	N/A	N/A	N/A	N/A	N/A	N/A	N/A	N/A	N/A	N/A
LTA	N/A	N/A	N/A	N/A	N/A	N/A	N/A	N/A	N/A	N/A
Tlr11	N/A	N/A	N/A	N/A	N/A	N/A	N/A	N/A	N/A	N/A
FASLG	N/A	N/A	N/A	N/A	N/A	N/A	N/A	N/A	N/A	N/A
SIX2	N/A	N/A	N/A	N/A	N/A	N/A	N/A	N/A	N/A	N/A
GJA8	N/A	N/A	N/A	N/A	N/A	N/A	N/A	N/A	N/A	N/A
MEIS2	N/A	N/A	N/A	N/A	N/A	N/A	N/A	N/A	N/A	N/A
PD 168393	N/A	N/A	N/A	N/A	N/A	N/A	N/A	N/A	N/A	N/A
AIRE	N/A	N/A	N/A	N/A	N/A	N/A	N/A	N/A	N/A	N/A
NR6A1	N/A	N/A	N/A	N/A	N/A	N/A	N/A	N/A	N/A	N/A
TPR	N/A	N/A	N/A	N/A	N/A	N/A	N/A	N/A	N/A	N/A
HDL	N/A	N/A	N/A	N/A	N/A	N/A	N/A	N/A	N/A	N/A
TLR10	N/A	N/A	N/A	N/A	N/A	N/A	N/A	N/A	N/A	N/A
TRIM72	N/A	N/A	N/A	N/A	N/A	N/A	N/A	N/A	N/A	N/A
cyclic guanosine monophosphate-adenosine monophosphate	N/A	N/A	N/A	N/A	N/A	N/A	N/A	N/A	N/A	N/A
NLRP2	N/A	N/A	N/A	N/A	N/A	N/A	N/A	N/A	N/A	N/A
SMAD1	N/A	N/A	N/A	N/A	N/A	N/A	N/A	N/A	N/A	N/A
R 59022	N/A	N/A	N/A	N/A	N/A	N/A	N/A	N/A	N/A	N/A
GNB2	N/A	N/A	N/A	N/A	N/A	N/A	N/A	N/A	N/A	N/A
picroside II	N/A	N/A	N/A	N/A	N/A	N/A	N/A	N/A	N/A	N/A
thioridazine	N/A	N/A	N/A	N/A	N/A	N/A	N/A	N/A	N/A	N/A
DDR1	N/A	N/A	N/A	N/A	N/A	N/A	N/A	N/A	N/A	N/A
TNFRSF25	N/A	N/A	N/A	N/A	N/A	N/A	N/A	N/A	N/A	N/A
UBR2	N/A	N/A	N/A	N/A	N/A	N/A	N/A	N/A	N/A	N/A
ADGRE2	N/A	N/A	N/A	N/A	N/A	N/A	N/A	N/A	N/A	N/A
CBP/p300	N/A	N/A	N/A	N/A	N/A	N/A	N/A	N/A	N/A	N/A
clenbuterol	N/A	N/A	N/A	N/A	N/A	N/A	N/A	N/A	N/A	N/A
SPHK	N/A	N/A	N/A	N/A	N/A	N/A	N/A	N/A	N/A	N/A
plasmocin	N/A	N/A	N/A	N/A	N/A	N/A	N/A	N/A	N/A	N/A
mir-130 (includes others)	N/A	N/A	N/A	N/A	N/A	N/A	N/A	N/A	N/A	N/A
FADD	N/A	N/A	N/A	N/A	N/A	N/A	N/A	N/A	N/A	N/A
FCGR2A	N/A	N/A	N/A	N/A	N/A	N/A	N/A	N/A	N/A	N/A
methyl-beta-cyclodextrin	N/A	-0.0	-0.0	N/A	0.0	N/A	0.0	-0.0	0.0	0.0
DEFA5	N/A	N/A	N/A	N/A	N/A	N/A	N/A	N/A	N/A	N/A
SPHK1	N/A	N/A	N/A	N/A	N/A	N/A	N/A	N/A	N/A	N/A
AZD0156	N/A	N/A	N/A	N/A	N/A	N/A	N/A	N/A	N/A	N/A
SYK/ZAP	N/A	N/A	N/A	N/A	N/A	N/A	N/A	N/A	N/A	N/A
FGD3	N/A	N/A	N/A	N/A	N/A	N/A	N/A	N/A	N/A	N/A
MAPKAPK2	N/A	N/A	N/A	N/A	N/A	N/A	N/A	N/A	N/A	N/A
N-cadherin	N/A	N/A	N/A	N/A	N/A	N/A	N/A	N/A	N/A	N/A
PSMD4	N/A	N/A	N/A	N/A	N/A	N/A	N/A	N/A	N/A	N/A
Klrb1c (includes others)	N/A	N/A	N/A	N/A	N/A	N/A	N/A	N/A	N/A	N/A
(13S)-hydroperoxyoctadecadienoic acid	N/A	N/A	N/A	N/A	N/A	N/A	N/A	N/A	N/A	N/A
digoxin	N/A	N/A	N/A	N/A	N/A	N/A	N/A	N/A	N/A	N/A
urtica dioica extract	N/A	N/A	N/A	N/A	N/A	N/A	N/A	N/A	N/A	N/A
BAY 61-3606	N/A	N/A	N/A	N/A	N/A	N/A	N/A	N/A	N/A	N/A
anti-miR-27b-3p inhibitor	N/A	N/A	N/A	N/A	N/A	N/A	N/A	N/A	N/A	N/A
Csl	N/A	N/A	N/A	N/A	N/A	N/A	N/A	N/A	N/A	N/A
triphenyltin	N/A	N/A	N/A	N/A	N/A	N/A	N/A	N/A	N/A	N/A
TRIM65	N/A	N/A	N/A	N/A	N/A	N/A	N/A	N/A	N/A	N/A
DPPA3	N/A	N/A	N/A	N/A	N/A	N/A	N/A	N/A	N/A	N/A
L-arginine	N/A	N/A	N/A	N/A	N/A	N/A	N/A	N/A	N/A	N/A
dopaminechrome	N/A	N/A	N/A	N/A	N/A	N/A	N/A	N/A	N/A	N/A
NOTCH2	N/A	N/A	N/A	N/A	N/A	N/A	N/A	N/A	N/A	N/A
PTAFR	N/A	N/A	N/A	N/A	N/A	N/A	N/A	N/A	N/A	N/A
erythromycin	N/A	N/A	N/A	N/A	N/A	N/A	N/A	N/A	N/A	N/A
(Ala9)-autocamtide-2	N/A	N/A	N/A	N/A	N/A	N/A	N/A	N/A	N/A	N/A
SMAD7	N/A	N/A	N/A	N/A	N/A	N/A	N/A	N/A	N/A	N/A
progestin	N/A	N/A	N/A	N/A	N/A	N/A	N/A	N/A	N/A	N/A
ranolazine	N/A	N/A	N/A	N/A	N/A	N/A	N/A	N/A	N/A	N/A
sappanone A	N/A	N/A	N/A	N/A	N/A	N/A	N/A	N/A	N/A	N/A
roxithromycin	N/A	N/A	N/A	N/A	N/A	N/A	N/A	N/A	N/A	N/A
chlorpyrifos-methyl	N/A	N/A	N/A	N/A	N/A	N/A	N/A	N/A	N/A	N/A
flavone	N/A	N/A	N/A	N/A	N/A	N/A	N/A	N/A	N/A	N/A
alpha 1 antitrypsin	N/A	N/A	N/A	N/A	N/A	N/A	N/A	N/A	N/A	N/A
danazol	N/A	N/A	N/A	N/A	N/A	N/A	N/A	N/A	N/A	N/A
ANGPTL2	N/A	N/A	N/A	N/A	N/A	N/A	N/A	N/A	N/A	N/A
4'-(4-toluenesulfonylamido)-4-hydroxychalcone	N/A	N/A	N/A	N/A	N/A	N/A	N/A	N/A	N/A	N/A
domoic acid	N/A	N/A	N/A	N/A	N/A	N/A	N/A	N/A	N/A	N/A
[Lys15,Arg16,Leu27]VIP(1-7)GRF(8-27)	N/A	N/A	N/A	N/A	N/A	N/A	N/A	N/A	N/A	N/A
CXCL1	N/A	N/A	N/A	N/A	N/A	N/A	N/A	N/A	N/A	N/A
bathophenanthroline	N/A	N/A	N/A	N/A	N/A	N/A	N/A	N/A	N/A	N/A
LSINCT5	N/A	N/A	N/A	N/A	N/A	N/A	N/A	N/A	N/A	N/A
RBP4	N/A	N/A	N/A	N/A	N/A	N/A	N/A	N/A	N/A	N/A
JADE2	N/A	N/A	N/A	N/A	N/A	N/A	N/A	N/A	N/A	N/A
Cd209b	N/A	N/A	N/A	N/A	N/A	N/A	N/A	N/A	N/A	N/A
GAN	N/A	N/A	N/A	N/A	N/A	N/A	N/A	N/A	N/A	N/A
autologous CD22-targeted CAR-T cells	N/A	N/A	N/A	N/A	N/A	N/A	N/A	N/A	N/A	N/A
hexamethoxyflavone	N/A	N/A	N/A	N/A	N/A	N/A	N/A	N/A	N/A	N/A
kaempferol	N/A	N/A	N/A	N/A	N/A	N/A	N/A	N/A	N/A	N/A
ACTC1	N/A	N/A	N/A	N/A	N/A	N/A	N/A	N/A	N/A	N/A
semaglutide	N/A	N/A	N/A	N/A	N/A	N/A	N/A	N/A	N/A	N/A
CMPK2	N/A	N/A	N/A	N/A	N/A	N/A	N/A	N/A	N/A	N/A
MRTFA	N/A	N/A	N/A	N/A	N/A	N/A	N/A	N/A	N/A	N/A
FMOD	N/A	N/A	N/A	N/A	N/A	N/A	N/A	N/A	N/A	N/A
S100A4	N/A	N/A	N/A	N/A	N/A	N/A	N/A	N/A	N/A	N/A
NLRP11	N/A	N/A	N/A	N/A	N/A	N/A	N/A	N/A	N/A	N/A
ubiquinone 9	N/A	N/A	N/A	N/A	N/A	N/A	N/A	N/A	N/A	N/A
KCNMA1	N/A	N/A	N/A	N/A	N/A	N/A	N/A	N/A	N/A	N/A
HERC2	N/A	N/A	N/A	N/A	N/A	N/A	N/A	N/A	N/A	N/A
TM4SF5	N/A	N/A	N/A	N/A	N/A	N/A	N/A	N/A	N/A	N/A
MAP2K6	N/A	N/A	N/A	N/A	N/A	N/A	N/A	N/A	N/A	N/A
BUD23	N/A	N/A	N/A	N/A	N/A	N/A	N/A	N/A	N/A	N/A
TGFBR	N/A	N/A	N/A	N/A	N/A	N/A	N/A	N/A	N/A	N/A
17-alpha-ethinylestradiol	N/A	N/A	N/A	N/A	N/A	N/A	N/A	N/A	N/A	N/A
TRAF2	N/A	N/A	N/A	N/A	N/A	N/A	N/A	N/A	N/A	N/A
RECQL4	N/A	N/A	N/A	N/A	N/A	N/A	N/A	N/A	N/A	N/A
scriptaid	N/A	N/A	N/A	N/A	N/A	N/A	N/A	N/A	N/A	N/A
ACAN	N/A	N/A	N/A	N/A	N/A	N/A	N/A	N/A	N/A	N/A
EBF1	N/A	N/A	N/A	N/A	N/A	N/A	N/A	N/A	N/A	N/A
AC1Q3QWB	N/A	N/A	N/A	N/A	N/A	N/A	N/A	N/A	N/A	N/A
epicatechin gallate	N/A	N/A	N/A	N/A	N/A	N/A	N/A	N/A	N/A	N/A
ERN1	N/A	N/A	N/A	N/A	N/A	N/A	N/A	N/A	N/A	N/A
1810019D21Rik	N/A	N/A	N/A	N/A	N/A	N/A	N/A	N/A	N/A	N/A
DST	N/A	N/A	N/A	N/A	N/A	N/A	N/A	N/A	N/A	N/A
SIAH2	N/A	N/A	N/A	N/A	N/A	N/A	N/A	N/A	N/A	N/A
trans-piceid	N/A	N/A	N/A	N/A	N/A	N/A	N/A	N/A	N/A	N/A
FCGR2	N/A	N/A	N/A	N/A	N/A	N/A	N/A	N/A	N/A	N/A
miR-340-5p (miRNAs w/seed UAUAAAG)	N/A	N/A	N/A	N/A	N/A	N/A	N/A	N/A	N/A	N/A
IKB	N/A	N/A	N/A	N/A	N/A	N/A	N/A	N/A	N/A	N/A
8-bromoguanosine 3',5'-cyclic monophosphate	N/A	N/A	N/A	N/A	N/A	N/A	N/A	N/A	N/A	N/A
ULK1	N/A	N/A	N/A	N/A	N/A	N/A	N/A	N/A	N/A	N/A
LGALS8	N/A	N/A	N/A	N/A	N/A	N/A	N/A	N/A	N/A	N/A
defensin alpha	N/A	N/A	N/A	N/A	N/A	N/A	N/A	N/A	N/A	N/A
ELN	N/A	N/A	N/A	N/A	N/A	N/A	N/A	N/A	N/A	N/A
ALB	N/A	N/A	N/A	N/A	N/A	N/A	N/A	N/A	N/A	N/A
lauric acid	N/A	N/A	N/A	N/A	N/A	N/A	N/A	N/A	N/A	N/A
2-bromoethylamine	N/A	N/A	N/A	N/A	N/A	N/A	N/A	N/A	N/A	N/A
L-lactic acid	N/A	N/A	N/A	N/A	N/A	N/A	N/A	N/A	N/A	N/A
bilirubin	N/A	N/A	N/A	N/A	N/A	N/A	N/A	N/A	N/A	N/A
beta-caryophyllene	N/A	N/A	N/A	N/A	N/A	N/A	N/A	N/A	N/A	N/A
NCGC00186528	N/A	N/A	N/A	N/A	N/A	N/A	N/A	N/A	N/A	N/A
GALP	N/A	N/A	N/A	N/A	N/A	N/A	N/A	N/A	N/A	N/A
MAFA	N/A	N/A	N/A	N/A	N/A	N/A	N/A	N/A	N/A	N/A
PPP1R14B	N/A	N/A	N/A	N/A	N/A	N/A	N/A	N/A	N/A	N/A
TPM3	N/A	N/A	N/A	N/A	N/A	N/A	N/A	N/A	N/A	N/A
